id,t_send,scope,segment,size_bucket,amount_rel,gc,outcome,t_decision
1,0,Windows,commercial,L,211,GC087,0,
2,0,Mirrors,commercial,M,35.1,GC087,1,181
3,8,Windows,commercial,L,217,GC087,0,
4,8,Mirrors,commercial,S,11.1,GC087,1,189
5,15,Mirrors,commercial,M,27.6,GC087,0,
6,15,Windows,commercial,L,344,GC087,0,
7,16,Windows,commercial,XL,803,GC103,0,
8,19,Shower Doors,commercial,S,16.6,GC182,0,
9,19,Mirrors,commercial,S,2.23,GC182,0,
10,19,Windows,commercial,M,61,GC182,0,
11,20,Windows,commercial,XL,613,GC199,0,
12,29,Windows,commercial,L,279,GC083,0,
13,29,Mirrors,commercial,S,18.4,GC083,0,
14,29,Windows,commercial,L,340,GC034,0,
15,29,Windows,commercial,XL,4070,GC084,0,
16,29,Mirrors,commercial,M,57,GC131,0,
17,34,Mirrors,commercial,S,7.79,GC001,1,215
18,34,Windows,commercial,M,52.4,GC001,1,215
19,36,Mirrors,commercial,S,1.54,GC089,0,
20,36,Windows,commercial,M,32.6,GC089,0,
21,37,Shower Doors,commercial,M,27,GC014,0,
22,41,Windows,commercial,L,87.7,GC012,0,
23,41,Mirrors,commercial,S,4.34,GC012,0,
24,42,Windows,commercial,XL,2500,GC123,0,
25,42,Windows,commercial,M,19.8,GC143,1,223
26,42,Mirrors,commercial,S,1.67,GC143,1,223
27,44,Mirrors,commercial,M,42.9,GC184,0,
28,44,Windows,commercial,XL,1110,GC184,0,
29,44,Shower Doors,commercial,L,107,GC184,0,
30,44,Mirrors,commercial,S,3.74,GC227,0,
31,44,Windows,commercial,M,49.5,GC227,0,
32,47,Windows,commercial,M,46.1,GC118,0,
33,47,Mirrors,commercial,S,2.15,GC118,0,
34,47,Shower Doors,commercial,S,12.8,GC118,0,
35,47,Mirrors,commercial,S,1.9,GC118,0,
36,47,Shower Doors,commercial,S,10.5,GC118,0,
37,47,Windows,commercial,M,41.5,GC118,0,
38,49,Mirrors,commercial,S,1.44,GC213,0,
39,49,Windows,commercial,M,64.4,GC213,0,
40,50,Mirrors,commercial,M,20.7,GC012,0,
41,50,Windows,commercial,L,364,GC094,0,
42,51,Mirrors,commercial,S,8.38,GC228,0,
43,51,Windows,commercial,L,191,GC228,0,
44,54,Windows,commercial,M,52.4,GC223,0,
45,54,Windows,commercial,L,277,GC199,0,
46,55,Windows,commercial,L,339,GC087,0,
47,55,Mirrors,commercial,S,11.5,GC087,1,92
48,55,Mirrors,commercial,S,2.32,GC166,0,
49,55,Shower Doors,commercial,S,6.73,GC166,0,
50,55,Windows,commercial,M,42.5,GC166,0,
51,55,Storefront,commercial,L,256,GC166,0,
52,56,Shower Doors,commercial,S,0.641,GC108,0,
53,56,Mirrors,commercial,S,0.28,GC108,0,
54,56,Windows,commercial,S,9.77,GC108,0,
55,56,Windows,commercial,L,358,GC204,0,
56,56,Mirrors,commercial,M,25.6,GC204,0,
57,56,Shower Doors,commercial,L,222,GC204,0,
58,56,Mirrors,commercial,M,21,GC222,1,240
59,56,Windows,commercial,L,169,GC222,1,240
60,56,Windows,commercial,XL,541,GC160,0,
61,56,Shower Doors,commercial,L,240,GC160,0,
62,56,Mirrors,commercial,M,28.4,GC160,0,
63,57,Mirrors,commercial,M,33.5,GC117,0,
64,57,Windows,commercial,XL,618,GC117,0,
65,57,Shower Doors,commercial,L,207,GC117,0,
66,58,Mirrors,commercial,M,35.3,GC154,1,242
67,58,Windows,commercial,M,37.8,GC154,1,242
68,61,Windows,commercial,L,255,GC108,0,
69,61,Mirrors,commercial,S,10.4,GC108,0,
70,61,Windows,commercial,XL,410,GC213,0,
71,63,Windows,commercial,L,276,GC192,0,
72,63,Mirrors,commercial,M,35.4,GC192,0,
73,68,Mirrors,commercial,S,3.07,GC184,0,
74,68,Shower Doors,commercial,L,203,GC137,0,
75,68,Mirrors,commercial,M,57.6,GC137,0,
76,68,Windows,commercial,XL,1380,GC137,0,
77,71,Mirrors,commercial,L,104,GC046,1,119
78,71,Shower Doors,commercial,M,46.7,GC046,1,119
79,71,Windows,commercial,XL,449,GC046,1,119
80,72,Mirrors,commercial,S,15.3,GC097,0,
81,72,Windows,commercial,L,350,GC097,0,
82,72,Shower Doors,commercial,L,104,GC097,0,
83,75,Windows,commercial,S,11.2,GC023,1,259
84,75,Mirrors,commercial,M,37.8,GC097,0,
85,75,Windows,commercial,L,281,GC097,0,
86,75,Windows,commercial,M,43.6,GC227,0,
87,75,Shower Doors,commercial,S,7.44,GC227,0,
88,76,Shower Doors,commercial,M,18.7,GC108,0,
89,76,Mirrors,commercial,S,2.93,GC108,0,
90,76,Windows,commercial,M,30.2,GC108,0,
91,77,Mirrors,commercial,S,6.77,GC086,0,
92,78,Windows,commercial,M,56.3,GC199,0,
93,82,Mirrors,commercial,S,12,GC125,0,
94,83,Windows,commercial,L,170,GC034,1,267
95,83,Windows,commercial,XL,886,GC084,0,
96,83,Windows,commercial,S,10.6,GC133,0,
97,83,Mirrors,commercial,S,0.206,GC133,0,
98,85,Shower Doors,commercial,M,63.5,GC199,0,
99,85,Mirrors,commercial,S,14.6,GC199,0,
100,85,Windows,commercial,XL,437,GC199,0,
101,85,Mirrors,commercial,S,11,GC084,1,269
102,85,Windows,commercial,L,186,GC084,1,269
103,86,Windows,commercial,L,362,GC012,0,
104,86,Mirrors,commercial,M,19,GC012,0,
105,93,Mirrors,commercial,M,20.6,GC108,0,
106,93,Shower Doors,commercial,M,61,GC108,0,
107,93,Windows,commercial,L,303,GC108,0,
108,96,Mirrors,commercial,S,8.88,GC138,0,
109,96,Shower Doors,commercial,S,18.4,GC138,0,
110,96,Windows,commercial,L,75.1,GC087,0,
111,96,Shower Doors,commercial,S,12.9,GC102,0,
112,96,Mirrors,commercial,S,5.73,GC102,0,
113,96,Windows,commercial,L,146,GC102,0,
114,97,Windows,commercial,XL,493,GC051,0,
115,97,Mirrors,commercial,M,28.7,GC063,0,
116,98,Windows,commercial,L,163,GC051,0,
117,98,Mirrors,commercial,S,13.8,GC051,0,
118,98,Mirrors,commercial,M,29.7,GC108,0,
119,98,Shower Doors,commercial,M,23.7,GC108,0,
120,98,Windows,commercial,L,270,GC108,0,
121,98,Windows,commercial,S,1.6,GC052,0,
122,99,Mirrors,commercial,S,3.8,GC120,0,
123,103,Windows,commercial,XL,581,GC081,0,
124,103,Mirrors,commercial,S,2.23,GC145,0,
125,105,Windows,commercial,S,4.22,GC108,0,
126,105,Windows,commercial,L,254,GC123,0,
127,105,Mirrors,commercial,M,23.1,GC143,1,693
128,105,Windows,commercial,XL,401,GC143,0,
129,105,Windows,commercial,XL,1320,GC012,0,
130,105,Mirrors,commercial,M,53.1,GC012,0,
131,105,Shower Doors,commercial,XL,374,GC012,0,
132,107,Windows,commercial,XL,751,GC184,0,
133,107,Mirrors,commercial,M,34.4,GC184,0,
134,107,Windows,commercial,XL,401,GC222,0,
135,107,Mirrors,commercial,S,17.8,GC222,0,
136,110,Windows,commercial,XL,1360,GC123,0,
137,111,Mirrors,commercial,S,0.136,GC052,0,
138,111,Windows,commercial,L,133,GC052,1,294
139,111,Mirrors,commercial,M,55.2,GC014,0,
140,111,Windows,commercial,XL,616,GC014,0,
141,117,Mirrors,commercial,S,17.4,GC119,0,
142,117,Windows,commercial,L,336,GC119,0,
143,117,Windows,commercial,L,258,GC052,0,
144,117,Shower Doors,commercial,M,67.8,GC052,0,
145,117,Mirrors,commercial,S,18.1,GC052,0,
146,119,Windows,commercial,XL,2450,GC199,0,
147,124,Windows,commercial,XL,370,GC108,0,
148,124,Windows,commercial,S,17.6,GC052,0,
149,124,Mirrors,commercial,S,1.62,GC052,0,
150,124,Shower Doors,commercial,S,4.9,GC052,0,
151,125,Mirrors,commercial,M,22.4,GC087,1,309
152,125,Windows,commercial,L,135,GC087,0,
153,128,Windows,commercial,M,24,GC031,1,312
154,128,Shower Doors,commercial,L,161,GC131,0,
155,128,Windows,commercial,XL,1030,GC131,0,
156,128,Mirrors,commercial,L,74.4,GC131,0,
157,132,Mirrors,commercial,M,28.8,GC143,0,
158,132,Windows,commercial,XL,478,GC143,0,
159,132,Shower Doors,commercial,L,83,GC143,0,
160,133,Mirrors,commercial,M,36.8,GC108,1,244
161,133,Shower Doors,commercial,M,66.6,GC108,1,244
162,133,Windows,commercial,XL,757,GC108,1,244
163,133,Shower Doors,commercial,L,254,GC123,0,
164,133,Mirrors,commercial,L,77,GC123,0,
165,133,Windows,commercial,XL,1160,GC123,0,
166,133,Windows,commercial,XL,458,GC063,0,
167,135,Windows,commercial,XL,587,GC199,0,
168,135,Shower Doors,commercial,L,156,GC199,0,
169,138,Windows,commercial,L,99.1,GC163,1,322
170,138,Mirrors,commercial,S,7.56,GC163,0,
171,138,Windows,commercial,L,286,GC123,0,
172,138,Mirrors,commercial,M,29.2,GC123,0,
173,141,Mirrors,commercial,M,23.9,GC199,0,
174,141,Windows,commercial,XL,1150,GC199,0,
175,142,Mirrors,commercial,M,33.3,GC228,0,
176,142,Windows,commercial,XL,616,GC228,0,
177,146,Mirrors,commercial,S,15.1,GC108,0,
178,146,Windows,commercial,M,42.7,GC062,0,
179,146,Windows,commercial,L,214,GC143,0,
180,146,Mirrors,commercial,M,19,GC143,0,
181,146,Windows,commercial,XL,1060,GC063,0,
182,146,Mirrors,commercial,M,48.9,GC063,0,
183,146,Shower Doors,commercial,L,123,GC063,0,
184,146,Windows,commercial,L,134,GC160,0,
185,148,Shower Doors,commercial,L,129,GC084,0,
186,148,Windows,commercial,XL,721,GC084,0,
187,148,Mirrors,commercial,M,36.3,GC084,0,
188,152,Windows,commercial,L,168,GC123,0,
189,152,Windows,commercial,L,258,GC143,0,
190,152,Shower Doors,commercial,S,16.7,GC143,0,
191,152,Mirrors,commercial,M,23.6,GC143,0,
192,153,Mirrors,commercial,S,7.98,GC143,1,336
193,159,Windows,commercial,M,33.2,GC080,0,
194,159,Mirrors,commercial,S,2.73,GC080,0,
195,160,Mirrors,commercial,M,36.8,GC108,0,
196,160,Mirrors,commercial,S,14,GC145,0,
197,160,Windows,commercial,L,349,GC145,1,343
198,161,Windows,commercial,L,248,GC187,0,
199,161,Mirrors,commercial,M,21.7,GC187,0,
200,162,Windows,commercial,L,220,GC143,0,
201,162,Windows,commercial,XL,772,GC143,0,
202,162,Shower Doors,commercial,M,61.1,GC143,1,345
203,162,Mirrors,commercial,M,28.1,GC143,1,345
204,162,Windows,commercial,M,54.8,GC063,0,
205,162,Mirrors,commercial,S,9.33,GC063,0,
206,162,Shower Doors,commercial,S,13.4,GC063,0,
207,162,Mirrors,commercial,S,7.38,GC154,1,345
208,162,Mirrors,commercial,M,48.1,GC084,0,
209,162,Windows,commercial,XL,475,GC084,0,
210,166,Windows,commercial,L,221,GC109,0,
211,166,Mirrors,commercial,S,13.3,GC109,0,
212,167,Windows,commercial,L,239,GC143,0,
213,167,Mirrors,commercial,S,4.87,GC143,1,441
214,168,Windows,commercial,L,235,GC084,0,
215,169,Mirrors,commercial,M,21.6,GC051,1,352
216,169,Shower Doors,commercial,M,44.5,GC051,1,352
217,169,Windows,commercial,L,148,GC051,0,
218,169,Windows,commercial,S,8.56,GC157,0,
219,173,Shower Doors,commercial,L,131,GC199,1,260
220,173,Mirrors,commercial,M,48.5,GC199,0,
221,173,Windows,commercial,XL,1800,GC143,0,
222,173,Mirrors,commercial,M,70.8,GC012,0,
223,174,Mirrors,commercial,S,0.367,GC133,0,
224,174,Windows,commercial,S,5.18,GC133,0,
225,175,Mirrors,commercial,S,6.73,GC108,0,
226,175,Shower Doors,commercial,M,18.9,GC108,0,
227,175,Windows,commercial,L,326,GC108,0,
228,175,Windows,commercial,S,10.1,GC154,0,
229,175,Mirrors,commercial,M,27.1,GC145,0,
230,175,Windows,commercial,XL,654,GC145,0,
231,175,Shower Doors,commercial,L,84.5,GC145,0,
232,175,Windows,commercial,L,195,GC089,0,
233,177,Shower Doors,commercial,M,49.5,GC069,0,
234,177,Mirrors,commercial,M,50.6,GC069,0,
235,177,Windows,commercial,XL,600,GC069,0,
236,182,Mirrors,commercial,S,11.5,GC014,0,
237,182,Windows,commercial,XL,486,GC014,0,
238,182,Shower Doors,commercial,M,53.5,GC014,0,
239,183,Windows,commercial,M,42.8,GC102,0,
240,183,Mirrors,commercial,S,2.71,GC102,0,
241,183,Mirrors,commercial,M,55.6,GC001,1,367
242,184,Windows,commercial,XL,655,GC222,0,
243,184,Shower Doors,commercial,L,89.8,GC222,0,
244,184,Mirrors,commercial,M,56.8,GC222,0,
245,187,Windows,commercial,M,22.3,GC001,0,
246,187,Windows,commercial,XL,1940,GC131,0,
247,187,Mirrors,commercial,L,208,GC131,0,
248,188,Shower Doors,commercial,S,9.45,GC185,0,
249,188,Mirrors,commercial,S,4.57,GC185,0,
250,188,Windows,commercial,L,92.2,GC185,0,
251,188,Windows,commercial,L,221,GC012,0,
252,188,Mirrors,commercial,S,10.3,GC012,0,
253,188,Windows,commercial,M,32.2,GC195,0,
254,188,Mirrors,commercial,S,2.91,GC195,0,
255,189,Mirrors,commercial,S,8.6,GC119,0,
256,189,Windows,commercial,L,125,GC119,0,
257,190,Mirrors,commercial,M,37,GC123,0,
258,190,Windows,commercial,XL,682,GC123,0,
259,190,Shower Doors,commercial,M,19.3,GC123,0,
260,190,Mirrors,commercial,S,2.29,GC087,0,
261,190,Windows,commercial,M,33.9,GC087,0,
262,194,Mirrors,commercial,S,3.3,GC157,1,378
263,194,Shower Doors,commercial,S,0.687,GC157,1,378
264,194,Windows,commercial,S,1.64,GC157,1,378
265,194,Windows,commercial,M,62.6,GC160,1,378
266,194,Mirrors,commercial,S,2.03,GC160,0,
267,195,Windows,commercial,M,19.4,GC081,0,
268,195,Mirrors,commercial,M,24.7,GC081,0,
269,195,Mirrors,commercial,S,6.58,GC023,0,
270,196,Mirrors,commercial,S,10.4,GC108,0,
271,196,Windows,commercial,L,141,GC108,0,
272,196,Windows,commercial,S,14.9,GC087,0,
273,196,Mirrors,commercial,M,31,GC014,0,
274,196,Windows,commercial,XL,1060,GC014,0,
275,196,Mirrors,commercial,M,36.2,GC145,0,
276,196,Windows,commercial,XL,451,GC145,0,
277,196,Shower Doors,commercial,L,80.3,GC145,0,
278,196,Mirrors,commercial,S,4.35,GC227,0,
279,196,Windows,commercial,M,61.4,GC227,0,
280,198,Windows,commercial,S,15.7,GC108,1,382
281,198,Mirrors,commercial,S,1.58,GC108,1,382
282,202,Windows,commercial,XL,1060,GC199,0,
283,202,Shower Doors,commercial,L,229,GC199,0,
284,202,Mirrors,commercial,L,81.6,GC199,0,
285,202,Windows,commercial,L,88.3,GC046,0,
286,204,Windows,commercial,XL,1070,GC087,0,
287,204,Mirrors,commercial,M,49.5,GC087,0,
288,205,Mirrors,commercial,S,8.3,GC163,0,
289,205,Windows,commercial,M,43.6,GC163,0,
290,205,Windows,commercial,L,310,GC097,0,
291,205,Mirrors,commercial,S,7.32,GC097,0,
292,209,Mirrors,commercial,M,20.1,GC108,0,
293,209,Windows,commercial,XL,474,GC108,0,
294,209,Windows,commercial,S,12.8,GC177,0,
295,209,Mirrors,commercial,S,7.31,GC228,0,
296,209,Mirrors,commercial,S,1.1,GC184,0,
297,209,Windows,commercial,M,43.1,GC184,0,
298,209,Mirrors,commercial,M,29,GC207,1,440
299,209,Windows,commercial,L,301,GC207,0,
300,209,Mirrors,commercial,M,38.4,GC131,0,
301,209,Windows,commercial,XL,634,GC131,0,
302,209,Shower Doors,commercial,L,165,GC131,0,
303,210,Mirrors,commercial,M,20.5,GC108,0,
304,210,Shower Doors,commercial,M,37.2,GC108,0,
305,210,Windows,commercial,XL,403,GC108,0,
306,212,Shower Doors,commercial,S,17.1,GC108,0,
307,212,Windows,commercial,L,176,GC108,0,
308,212,Mirrors,commercial,S,7.68,GC108,0,
309,212,Mirrors,commercial,M,40.5,GC014,0,
310,212,Windows,commercial,XL,708,GC014,0,
311,215,Shower Doors,commercial,L,83.1,GC063,1,290
312,215,Windows,commercial,XL,621,GC160,1,290
313,215,Mirrors,commercial,S,3.76,GC160,1,290
314,218,Windows,commercial,L,135,GC184,1,378
315,218,Mirrors,commercial,S,7.38,GC184,1,378
316,218,Shower Doors,commercial,S,5.9,GC184,1,378
317,218,Shower Doors,commercial,L,132,GC052,0,
318,218,Mirrors,commercial,M,37.9,GC052,0,
319,218,Windows,commercial,L,209,GC052,0,
320,224,Windows,commercial,XL,373,GC108,0,
321,224,Mirrors,commercial,S,11.9,GC108,0,
322,225,Windows,commercial,XL,1430,GC199,0,
323,229,Windows,commercial,S,17.9,GC081,0,
324,229,Shower Doors,commercial,S,0.687,GC081,0,
325,229,Mirrors,commercial,S,0.867,GC081,0,
326,229,Windows,commercial,XL,1280,GC034,0,
327,230,Windows,commercial,M,28.7,GC211,0,
328,231,Windows,commercial,XL,873,GC108,0,
329,231,Windows,commercial,L,308,GC222,0,
330,231,Mirrors,commercial,S,17.6,GC222,0,
331,231,Windows,commercial,L,144,GC089,0,
332,231,Mirrors,commercial,S,6.04,GC089,0,
333,232,Mirrors,commercial,S,1.6,GC134,0,
334,232,Windows,commercial,M,26.8,GC134,0,
335,236,Windows,commercial,XL,536,GC081,0,
336,238,Mirrors,commercial,S,4.68,GC081,0,
337,238,Windows,commercial,M,63.4,GC081,1,555
338,238,Shower Doors,commercial,S,10.8,GC184,1,421
339,239,Mirrors,commercial,L,76.8,GC123,0,
340,239,Windows,commercial,XL,729,GC123,0,
341,245,Windows,commercial,L,193,GC108,0,
342,245,Shower Doors,commercial,M,29.7,GC108,0,
343,245,Mirrors,commercial,S,14.4,GC108,0,
344,246,Mirrors,commercial,S,0.641,GC081,0,
345,246,Windows,commercial,S,15.3,GC081,0,
346,246,Mirrors,commercial,M,61.3,GC046,0,
347,246,Shower Doors,commercial,L,157,GC046,0,
348,246,Windows,commercial,S,1.87,GC133,0,
349,247,Mirrors,commercial,M,25.7,GC084,0,
350,247,Windows,commercial,L,165,GC084,0,
351,247,Windows,commercial,XL,392,GC084,0,
352,247,Mirrors,commercial,S,10.7,GC084,0,
353,250,Windows,commercial,XL,611,GC199,0,
354,250,Shower Doors,commercial,L,195,GC199,0,
355,250,Mirrors,commercial,M,46.8,GC199,0,
356,250,Mirrors,commercial,S,5.94,GC143,0,
357,250,Windows,commercial,L,93.6,GC143,0,
358,251,Windows,commercial,M,38.8,GC087,0,
359,251,Mirrors,commercial,S,3.55,GC087,1,433
360,253,Windows,commercial,XL,1010,GC014,0,
361,253,Mirrors,commercial,M,41.5,GC014,0,
362,253,Shower Doors,commercial,M,57.6,GC014,0,
363,253,Mirrors,commercial,M,22.5,GC200,0,
364,253,Windows,commercial,XL,524,GC200,0,
365,254,Windows,commercial,L,148,GC051,0,
366,254,Mirrors,commercial,S,2.68,GC051,0,
367,258,Mirrors,commercial,S,13.2,GC143,0,
368,258,Windows,commercial,L,175,GC143,0,
369,258,Shower Doors,commercial,S,0.734,GC143,0,
370,260,Mirrors,commercial,L,148,GC022,0,
371,260,Windows,commercial,XL,720,GC022,0,
372,260,Shower Doors,commercial,L,209,GC022,0,
373,261,Mirrors,commercial,M,42.5,GC126,0,
374,261,Windows,commercial,XL,697,GC126,0,
375,261,Windows,commercial,L,235,GC097,0,
376,264,Windows,commercial,L,77.2,GC109,0,
377,264,Mirrors,commercial,S,2.7,GC109,0,
378,266,Windows,commercial,M,69.7,GC084,0,
379,266,Mirrors,commercial,S,2.36,GC084,0,
380,266,Mirrors,commercial,S,5.69,GC084,0,
381,266,Windows,commercial,L,134,GC084,0,
382,267,Windows,commercial,S,14.9,GC087,0,
383,267,Mirrors,commercial,S,12,GC012,0,
384,267,Windows,commercial,L,76.3,GC012,0,
385,268,Windows,commercial,L,101,GC187,0,
386,268,Shower Doors,commercial,M,21.7,GC187,0,
387,268,Mirrors,commercial,S,1.64,GC187,0,
388,272,Mirrors,commercial,S,4.2,GC133,0,
389,272,Windows,commercial,S,9.61,GC131,0,
390,274,Windows,commercial,S,4.8,GC052,0,
391,274,Windows,commercial,L,166,GC154,0,
392,274,Mirrors,commercial,M,30.3,GC154,0,
393,275,Mirrors,commercial,S,4.6,GC108,0,
394,275,Windows,commercial,L,81.5,GC108,0,
395,278,Mirrors,commercial,M,27,GC094,0,
396,278,Windows,commercial,XL,388,GC094,0,
397,286,Shower Doors,commercial,M,40.8,GC123,0,
398,286,Windows,commercial,L,122,GC123,0,
399,286,Mirrors,commercial,M,22.5,GC123,0,
400,286,Windows,commercial,XL,489,GC200,0,
401,286,Mirrors,commercial,M,33.1,GC200,0,
402,292,Shower Doors,commercial,M,22.4,GC108,0,
403,292,Windows,commercial,L,149,GC108,0,
404,292,Mirrors,commercial,M,34.9,GC108,0,
405,293,Windows,commercial,L,295,GC026,0,
406,293,Shower Doors,commercial,M,41,GC026,0,
407,293,Mirrors,commercial,S,13.9,GC026,0,
408,294,Windows,commercial,XL,803,GC087,1,378
409,294,Mirrors,commercial,M,48.1,GC087,1,378
410,295,Mirrors,commercial,M,24.6,GC108,0,
411,295,Shower Doors,commercial,M,35.6,GC108,0,
412,295,Windows,commercial,XL,605,GC108,0,
413,300,Mirrors,commercial,S,1.65,GC058,0,
414,300,Windows,commercial,M,25.4,GC058,0,
415,300,Mirrors,commercial,M,64.7,GC087,0,
416,300,Windows,commercial,XL,1140,GC087,1,378
417,302,Windows,commercial,L,227,GC040,0,
418,307,Windows,commercial,M,36.9,GC063,0,
419,307,Mirrors,commercial,S,2.27,GC063,0,
420,308,Mirrors,commercial,S,9.74,GC108,0,
421,308,Windows,commercial,L,201,GC108,1,457
422,308,Shower Doors,commercial,S,14.6,GC108,1,457
423,308,Windows,commercial,S,18.1,GC052,0,
424,308,Shower Doors,commercial,S,4.88,GC052,0,
425,308,Mirrors,commercial,S,1.56,GC052,0,
426,309,Windows,commercial,L,97.2,GC014,0,
427,309,Mirrors,commercial,S,5.26,GC109,0,
428,310,Mirrors,commercial,M,40.2,GC160,0,
429,310,Shower Doors,commercial,L,145,GC160,0,
430,310,Windows,commercial,XL,2350,GC131,0,
431,313,Windows,commercial,XL,855,GC201,1,348
432,314,Windows,commercial,S,9.59,GC026,0,
433,314,Mirrors,commercial,S,0.61,GC026,0,
434,314,Windows,commercial,M,25.9,GC087,0,
435,314,Mirrors,commercial,S,1.39,GC087,0,
436,315,Windows,commercial,M,64.9,GC109,0,
437,315,Mirrors,commercial,S,2.53,GC109,0,
438,316,Windows,commercial,XL,454,GC138,0,
439,316,Mirrors,commercial,M,35,GC138,0,
440,316,Windows,commercial,L,221,GC082,0,
441,316,Shower Doors,commercial,M,31.5,GC109,0,
442,316,Mirrors,commercial,S,9.68,GC109,0,
443,320,Windows,commercial,L,73.7,GC138,0,
444,320,Mirrors,commercial,S,1.78,GC138,0,
445,320,Windows,commercial,L,193,GC058,0,
446,320,Mirrors,commercial,S,10.3,GC058,0,
447,320,Shower Doors,commercial,M,21,GC058,1,380
448,321,Windows,commercial,M,73.3,GC199,0,
449,321,Mirrors,commercial,S,2.02,GC199,0,
450,321,Mirrors,commercial,S,9.13,GC087,0,
451,321,Shower Doors,commercial,S,5.53,GC082,0,
452,322,Mirrors,commercial,M,34.5,GC187,0,
453,322,Windows,commercial,L,275,GC187,0,
454,328,Windows,commercial,L,349,GC123,0,
455,328,Mirrors,commercial,S,12,GC123,0,
456,329,Mirrors,commercial,M,23,GC145,0,
457,329,Windows,commercial,XL,543,GC145,0,
458,329,Shower Doors,commercial,M,59,GC145,0,
459,330,Mirrors,commercial,S,5.84,GC084,1,414
460,330,Windows,commercial,M,68.2,GC084,0,
461,331,Mirrors,commercial,M,55.2,GC199,0,
462,331,Windows,commercial,XL,1350,GC014,0,
463,331,Shower Doors,commercial,L,210,GC014,0,
464,331,Mirrors,commercial,S,1.69,GC089,0,
465,331,Windows,commercial,M,21.6,GC089,1,699
466,336,Mirrors,commercial,L,149,GC039,0,
467,336,Windows,commercial,XL,663,GC039,0,
468,336,Shower Doors,commercial,L,226,GC039,0,
469,342,Mirrors,commercial,S,13.8,GC154,0,
470,342,Shower Doors,commercial,S,13.3,GC154,0,
471,342,Windows,commercial,L,154,GC154,0,
472,345,Windows,commercial,S,13.5,GC081,1,528
473,348,Mirrors,commercial,L,77.7,GC108,0,
474,348,Shower Doors,commercial,L,113,GC108,0,
475,348,Windows,commercial,XL,1050,GC108,0,
476,348,Mirrors,commercial,S,10.8,GC108,0,
477,348,Windows,commercial,XL,735,GC161,0,
478,348,Mirrors,commercial,M,53.3,GC161,0,
479,348,Windows,commercial,L,248,GC158,0,
480,348,Mirrors,commercial,M,19.5,GC158,0,
481,348,Windows,commercial,L,178,GC124,0,
482,348,Mirrors,commercial,S,3.1,GC124,0,
483,348,Windows,commercial,L,133,GC084,0,
484,349,Windows,commercial,S,11.2,GC081,1,532
485,349,Windows,commercial,XL,2260,GC014,0,
486,349,Mirrors,commercial,L,109,GC014,0,
487,351,Mirrors,commercial,S,8.37,GC046,0,
488,351,Windows,commercial,XL,370,GC046,0,
489,351,Shower Doors,commercial,S,9.6,GC046,0,
490,357,Windows,commercial,XL,638,GC158,0,
491,357,Mirrors,commercial,L,77.6,GC158,0,
492,363,Windows,commercial,XL,439,GC213,1,518
493,363,Mirrors,commercial,M,19.5,GC213,0,
494,370,Shower Doors,commercial,S,1.17,GC010,0,
495,370,Mirrors,commercial,S,2.24,GC010,0,
496,370,Shower Doors,commercial,S,7.56,GC029,0,
497,370,Mirrors,commercial,S,7.03,GC029,0,
498,370,Windows,commercial,M,41.1,GC029,0,
499,370,Windows,commercial,L,346,GC097,0,
500,372,Shower Doors,commercial,S,12.8,GC228,0,
501,372,Windows,commercial,XL,677,GC228,0,
502,372,Mirrors,commercial,M,36,GC228,0,
503,372,Windows,commercial,L,145,GC084,0,
504,372,Mirrors,commercial,M,38.8,GC084,0,
505,373,Windows,commercial,L,158,GC010,0,
506,373,Mirrors,commercial,M,22.7,GC046,0,
507,373,Windows,commercial,XL,556,GC046,0,
508,376,Windows,commercial,L,222,GC201,0,
509,376,Mirrors,commercial,S,16.3,GC201,0,
510,377,Mirrors,commercial,S,3.29,GC037,0,
511,377,Shower Doors,commercial,S,12.4,GC037,0,
512,377,Windows,commercial,L,76.4,GC037,0,
513,379,Windows,commercial,XL,550,GC184,0,
514,379,Mirrors,commercial,M,52.1,GC184,0,
515,380,Mirrors,commercial,M,57.1,GC123,0,
516,380,Windows,commercial,XL,695,GC123,0,
517,385,Mirrors,commercial,S,4.49,GC184,0,
518,385,Windows,commercial,M,67.6,GC184,0,
519,386,Mirrors,commercial,M,23.5,GC199,0,
520,386,Windows,commercial,L,357,GC213,0,
521,386,Shower Doors,commercial,L,208,GC194,0,
522,386,Mirrors,commercial,L,100,GC194,0,
523,386,Windows,commercial,XL,1260,GC194,0,
524,390,Windows,commercial,M,72,GC091,0,
525,390,Windows,commercial,M,46.2,GC041,0,
526,392,Mirrors,commercial,M,29.9,GC199,0,
527,392,Windows,commercial,XL,460,GC199,0,
528,392,Mirrors,commercial,M,29.2,GC108,0,
529,392,Mirrors,commercial,S,16.2,GC143,0,
530,392,Windows,commercial,L,299,GC143,0,
531,392,Windows,commercial,XL,396,GC131,0,
532,397,Shower Doors,commercial,S,10.9,GC102,0,
533,397,Windows,commercial,M,72.2,GC102,0,
534,397,Mirrors,commercial,S,2.02,GC102,0,
535,399,Mirrors,commercial,S,14.6,GC108,0,
536,399,Windows,commercial,L,162,GC108,0,
537,399,Windows,commercial,L,206,GC108,0,
538,400,Mirrors,commercial,S,13.1,GC010,0,
539,400,Windows,commercial,L,278,GC010,0,
540,400,Windows,commercial,XL,403,GC087,0,
541,400,Mirrors,commercial,M,22.2,GC087,1,432
542,404,Windows,commercial,XL,746,GC123,0,
543,406,Windows,commercial,L,292,GC189,0,
544,406,Mirrors,commercial,M,42.2,GC052,0,
545,406,Windows,commercial,M,40.7,GC084,0,
546,407,Windows,commercial,M,24.3,GC108,0,
547,407,Shower Doors,commercial,S,11.3,GC108,0,
548,407,Mirrors,commercial,S,4.48,GC108,0,
549,411,Windows,commercial,L,143,GC119,0,
550,411,Mirrors,commercial,S,14.6,GC119,0,
551,412,Windows,commercial,XL,440,GC087,0,
552,412,Mirrors,commercial,M,32.3,GC087,1,701
553,412,Shower Doors,commercial,M,31.1,GC087,1,701
554,413,Shower Doors,commercial,M,49.5,GC199,0,
555,413,Windows,commercial,L,115,GC199,0,
556,413,Mirrors,commercial,S,8.05,GC014,0,
557,414,Windows,commercial,L,158,GC213,0,
558,414,Mirrors,commercial,M,30.3,GC213,0,
559,418,Mirrors,commercial,S,1.97,GC063,0,
560,418,Windows,commercial,M,22.1,GC063,0,
561,419,Windows,commercial,L,225,GC063,0,
562,419,Mirrors,commercial,S,7.22,GC063,0,
563,420,Windows,commercial,M,19.2,GC016,0,
564,422,Windows,commercial,M,19,GC108,0,
565,422,Mirrors,commercial,S,1.49,GC108,0,
566,422,Shower Doors,commercial,S,10.6,GC108,0,
567,422,Windows,commercial,L,320,GC201,0,
568,422,Mirrors,commercial,L,80.6,GC162,0,
569,422,Windows,commercial,L,357,GC162,0,
570,422,Shower Doors,commercial,L,203,GC022,0,
571,422,Mirrors,commercial,M,69.6,GC022,0,
572,422,Windows,commercial,XL,750,GC022,0,
573,425,Mirrors,commercial,S,14.4,GC041,0,
574,425,Shower Doors,commercial,S,17.6,GC041,0,
575,425,Windows,commercial,L,120,GC041,0,
576,426,Mirrors,commercial,S,6.28,GC184,0,
577,426,Shower Doors,commercial,S,2.81,GC184,0,
578,426,Windows,commercial,M,63.6,GC184,0,
579,426,Windows,commercial,S,4.33,GC133,0,
580,427,Windows,commercial,XL,1520,GC084,0,
581,427,Mirrors,commercial,M,28.9,GC094,1,539
582,427,Windows,commercial,XL,373,GC094,1,539
583,428,Windows,commercial,L,262,GC154,0,
584,428,Shower Doors,commercial,M,30.4,GC154,1,666
585,429,Windows,commercial,L,139,GC083,0,
586,429,Windows,commercial,L,243,GC083,0,
587,429,Shower Doors,commercial,S,10.6,GC102,0,
588,429,Windows,commercial,M,73.6,GC094,0,
589,429,Mirrors,commercial,S,1.97,GC094,0,
590,433,Windows,commercial,L,76,GC033,0,
591,435,Mirrors,commercial,M,28.4,GC192,0,
592,435,Windows,commercial,XL,745,GC192,0,
593,436,Shower Doors,commercial,M,71.5,GC069,0,
594,436,Windows,commercial,XL,603,GC069,0,
595,436,Mirrors,commercial,S,13.7,GC069,0,
596,436,Mirrors,commercial,M,34.1,GC024,0,
597,436,Windows,commercial,XL,478,GC024,0,
598,440,Windows,commercial,XL,458,GC222,0,
599,440,Mirrors,commercial,S,18.1,GC222,0,
600,440,Shower Doors,commercial,S,14.6,GC222,0,
601,441,Mirrors,commercial,L,106,GC199,0,
602,441,Shower Doors,commercial,L,153,GC199,0,
603,441,Windows,commercial,XL,798,GC199,0,
604,441,Shower Doors,commercial,S,16.7,GC063,0,
605,441,Windows,commercial,L,250,GC063,0,
606,441,Mirrors,commercial,M,22.5,GC063,0,
607,443,Mirrors,commercial,S,11.1,GC119,0,
608,443,Shower Doors,commercial,M,44.2,GC119,0,
609,443,Windows,commercial,L,311,GC119,0,
610,448,Windows,commercial,M,19.4,GC087,0,
611,448,Windows,commercial,XL,985,GC063,0,
612,448,Shower Doors,commercial,L,194,GC063,0,
613,448,Mirrors,commercial,M,38,GC063,0,
614,450,Windows,commercial,M,58.3,GC108,0,
615,450,Mirrors,commercial,S,4.75,GC108,0,
616,450,Shower Doors,commercial,M,21.8,GC187,0,
617,450,Windows,commercial,L,148,GC187,0,
618,450,Mirrors,commercial,S,3.92,GC187,0,
619,454,Mirrors,commercial,S,3.67,GC184,0,
620,454,Windows,commercial,M,36.5,GC184,0,
621,455,Windows,commercial,M,50.7,GC001,0,
622,460,Windows,commercial,XL,689,GC138,0,
623,460,Mirrors,commercial,M,32.5,GC138,0,
624,461,Windows,commercial,L,187,GC097,1,573
625,463,Windows,commercial,L,110,GC063,0,
626,463,Mirrors,commercial,M,36.5,GC063,0,
627,463,Shower Doors,commercial,M,61.3,GC063,0,
628,464,Windows,commercial,XL,620,GC228,0,
629,464,Mirrors,commercial,M,57.2,GC228,0,
630,467,Mirrors,commercial,L,99.7,GC014,0,
631,467,Shower Doors,commercial,M,54.8,GC014,0,
632,467,Windows,commercial,XL,1140,GC014,0,
633,468,Windows,commercial,L,111,GC143,0,
634,468,Windows,commercial,XL,690,GC084,0,
635,468,Mirrors,commercial,M,42.1,GC084,0,
636,468,Shower Doors,commercial,L,141,GC084,0,
637,469,Windows,commercial,L,214,GC051,0,
638,469,Shower Doors,commercial,M,48,GC051,0,
639,469,Mirrors,commercial,M,26.6,GC051,0,
640,471,Windows,commercial,S,12.2,GC080,1,654
641,475,Mirrors,commercial,S,7.53,GC138,0,
642,475,Mirrors,commercial,S,4.26,GC184,0,
643,475,Shower Doors,commercial,S,13.4,GC141,1,579
644,475,Windows,commercial,L,164,GC141,1,579
645,475,Shower Doors,commercial,L,90.5,GC084,0,
646,475,Windows,commercial,L,273,GC084,0,
647,475,Mirrors,commercial,S,14.2,GC084,0,
648,475,Windows,commercial,L,205,GC094,0,
649,477,Mirrors,commercial,M,26.4,GC010,0,
650,477,Shower Doors,commercial,M,30.3,GC010,0,
651,477,Mirrors,commercial,S,0.607,GC119,0,
652,477,Windows,commercial,S,4.1,GC119,0,
653,477,Windows,commercial,L,180,GC031,0,
654,477,Windows,commercial,M,44.2,GC033,0,
655,481,Shower Doors,commercial,S,14.6,GC207,0,
656,481,Mirrors,commercial,S,10.5,GC207,0,
657,481,Windows,commercial,L,164,GC207,0,
658,481,Windows,commercial,XL,633,GC160,0,
659,482,Windows,commercial,M,27.9,GC108,1,701
660,482,Shower Doors,commercial,S,8.42,GC108,1,701
661,482,Mirrors,commercial,S,1.49,GC108,1,701
662,483,Windows,commercial,XL,575,GC108,0,
663,483,Mirrors,commercial,S,13.2,GC108,0,
664,483,Shower Doors,commercial,L,74.4,GC108,0,
665,483,Mirrors,commercial,M,28.6,GC034,0,
666,483,Windows,commercial,XL,1270,GC034,0,
667,483,Mirrors,commercial,S,4,GC121,1,525
668,483,Windows,commercial,L,98.6,GC121,0,
669,484,Windows,commercial,XL,455,GC108,0,
670,484,Windows,commercial,L,246,GC222,0,
671,484,Mirrors,commercial,S,17.8,GC222,0,
672,485,Windows,commercial,L,159,GC063,0,
673,485,Mirrors,commercial,S,5.55,GC063,0,
674,488,Mirrors,commercial,S,6.24,GC087,0,
675,488,Windows,commercial,L,93.7,GC087,0,
676,488,Mirrors,commercial,L,100,GC141,0,
677,488,Windows,commercial,XL,811,GC141,0,
678,488,Windows,commercial,L,159,GC109,0,
679,488,Mirrors,commercial,S,5.55,GC109,0,
680,489,Windows,commercial,L,320,GC104,0,
681,489,Shower Doors,commercial,M,46.3,GC104,1,588
682,489,Mirrors,commercial,M,21.4,GC104,1,588
683,492,Mirrors,commercial,S,2.76,GC163,0,
684,492,Windows,commercial,L,103,GC163,0,
685,498,Mirrors,commercial,M,47.9,GC046,0,
686,498,Windows,commercial,XL,454,GC046,0,
687,502,Windows,commercial,S,16.1,GC016,0,
688,503,Mirrors,commercial,S,16.1,GC108,1,625
689,505,Windows,commercial,S,4.55,GC086,0,
690,505,Windows,commercial,L,110,GC143,0,
691,505,Mirrors,commercial,S,5.45,GC143,0,
692,505,Mirrors,commercial,S,5.38,GC078,0,
693,505,Windows,commercial,L,121,GC103,0,
694,511,Windows,commercial,S,13.7,GC174,0,
695,511,Mirrors,commercial,S,1.29,GC174,0,
696,511,Windows,commercial,M,29.7,GC084,0,
697,511,Mirrors,commercial,M,56,GC084,0,
698,511,Shower Doors,commercial,L,104,GC084,0,
699,511,Mirrors,commercial,S,1.94,GC084,0,
700,511,Windows,commercial,XL,669,GC084,0,
701,512,Mirrors,commercial,S,5.9,GC010,0,
702,512,Windows,commercial,L,172,GC010,0,
703,512,Shower Doors,commercial,M,18.6,GC010,0,
704,512,Windows,commercial,XL,599,GC098,0,
705,512,Shower Doors,commercial,L,98.2,GC098,0,
706,512,Windows,commercial,L,205,GC222,0,
707,512,Mirrors,commercial,M,33.8,GC014,0,
708,516,Mirrors,commercial,S,3.24,GC189,1,699
709,516,Windows,commercial,M,40.2,GC052,0,
710,520,Windows,commercial,M,23.4,GC119,0,
711,520,Mirrors,commercial,S,1.4,GC119,0,
712,520,Windows,commercial,M,32.2,GC090,0,
713,520,Shower Doors,commercial,S,7.02,GC090,0,
714,520,Mirrors,commercial,S,1.69,GC090,0,
715,524,Windows,commercial,M,21.3,GC087,0,
716,524,Mirrors,commercial,S,0.506,GC087,0,
717,524,Mirrors,commercial,M,27.1,GC107,0,
718,524,Windows,commercial,XL,387,GC107,0,
719,526,Mirrors,commercial,M,20.7,GC154,0,
720,526,Shower Doors,commercial,M,44.6,GC154,0,
721,526,Windows,commercial,XL,525,GC154,0,
722,531,Windows,commercial,M,29.6,GC143,1,680
723,532,Windows,commercial,L,278,GC131,0,
724,534,Mirrors,commercial,M,38.8,GC001,0,
725,534,Windows,commercial,L,116,GC001,1,608
726,538,Mirrors,commercial,M,47.8,GC145,0,
727,538,Windows,commercial,XL,566,GC145,1,944
728,538,Storefront,commercial,XL,547,GC145,0,
729,538,Shower Doors,commercial,M,73.4,GC145,0,
730,539,Windows,commercial,L,218,GC108,0,
731,539,Mirrors,commercial,S,15.8,GC108,1,994
732,541,Mirrors,commercial,S,3.82,GC108,0,
733,541,Windows,commercial,L,286,GC108,0,
734,541,Mirrors,commercial,S,11.7,GC108,0,
735,541,Windows,commercial,L,81.2,GC108,0,
736,541,Windows,commercial,M,33.7,GC108,0,
737,558,Mirrors,commercial,M,67.5,GC046,0,
738,558,Windows,commercial,XL,2190,GC046,0,
739,558,Windows,commercial,L,216,GC213,0,
740,560,Mirrors,commercial,M,31.2,GC138,0,
741,560,Windows,commercial,XL,689,GC138,0,
742,560,Mirrors,commercial,S,14.3,GC087,0,
743,560,Windows,commercial,L,92.6,GC087,0,
744,560,Mirrors,commercial,S,2.49,GC087,0,
745,560,Windows,commercial,M,22.2,GC087,0,
746,561,Windows,commercial,XL,791,GC123,0,
747,561,Mirrors,commercial,M,64.7,GC123,0,
748,562,Windows,commercial,XL,439,GC119,0,
749,562,Mirrors,commercial,M,29.9,GC119,0,
750,566,Windows,commercial,XL,610,GC192,0,
751,566,Mirrors,commercial,M,28.4,GC192,1,750
752,566,Mirrors,commercial,M,39,GC052,0,
753,566,Shower Doors,commercial,L,135,GC052,0,
754,566,Windows,commercial,L,349,GC052,0,
755,568,Mirrors,commercial,S,3.94,GC051,1,752
756,568,Windows,commercial,S,2,GC051,1,752
757,573,Windows,commercial,M,70.4,GC154,0,
758,574,Mirrors,commercial,S,4,GC121,0,
759,574,Windows,commercial,M,59.7,GC121,0,
760,574,Windows,commercial,M,21.5,GC131,0,
761,576,Shower Doors,commercial,M,71.6,GC034,0,
762,576,Mirrors,commercial,M,42.5,GC034,0,
763,576,Windows,commercial,XL,507,GC034,0,
764,576,Windows,commercial,XL,867,GC084,0,
765,576,Mirrors,commercial,M,62.6,GC084,0,
766,579,Mirrors,commercial,S,11.6,GC164,0,
767,579,Windows,commercial,L,126,GC164,0,
768,582,Windows,commercial,L,123,GC158,1,597
769,582,Windows,commercial,L,171,GC087,0,
770,582,Mirrors,commercial,S,6.9,GC063,0,
771,582,Windows,commercial,L,113,GC063,0,
772,582,Windows,commercial,XL,680,GC160,0,
773,586,Shower Doors,commercial,M,71,GC207,0,
774,586,Windows,commercial,XL,739,GC207,0,
775,586,Mirrors,commercial,S,15.4,GC207,0,
776,588,Mirrors,commercial,S,11.5,GC108,1,776
777,588,Windows,commercial,L,81.2,GC160,0,
778,593,Mirrors,commercial,S,3.71,GC108,0,
779,593,Windows,commercial,L,127,GC213,0,
780,593,Shower Doors,commercial,L,201,GC022,1,783
781,593,Storefront,commercial,L,161,GC022,1,783
782,593,Mirrors,commercial,M,57.3,GC022,1,783
783,593,Windows,commercial,XL,720,GC022,1,783
784,595,Windows,commercial,L,136,GC087,0,
785,595,Mirrors,commercial,S,16.8,GC087,0,
786,595,Mirrors,commercial,L,163,GC034,0,
787,595,Windows,commercial,XL,866,GC034,1,692
788,595,Windows,commercial,L,329,GC084,0,
789,595,Shower Doors,commercial,M,68.5,GC084,0,
790,595,Mirrors,commercial,M,38.2,GC084,0,
791,595,Windows,commercial,XL,735,GC097,0,
792,597,Mirrors,commercial,M,51.9,GC108,0,
793,597,Windows,commercial,L,293,GC108,0,
794,601,Windows,commercial,S,6.52,GC061,1,805
795,601,Storefront,commercial,M,43.1,GC071,0,
796,601,Windows,commercial,L,104,GC087,0,
797,601,Mirrors,commercial,S,6.3,GC087,0,
798,601,Mirrors,commercial,M,24,GC143,0,
799,601,Windows,commercial,M,68.8,GC143,0,
800,601,Storefront,commercial,L,202,GC169,0,
801,602,Windows,commercial,XL,903,GC199,0,
802,602,Shower Doors,commercial,L,153,GC199,0,
803,602,Mirrors,commercial,L,106,GC199,0,
804,602,Windows,commercial,XL,395,GC087,0,
805,602,Shower Doors,commercial,M,70,GC087,1,685
806,602,Mirrors,commercial,M,41.4,GC087,1,685
807,602,Windows,commercial,M,32.8,GC154,0,
808,603,Storefront,commercial,L,107,GC154,0,
809,604,Windows,commercial,L,252,GC108,0,
810,604,Shower Doors,commercial,L,77.4,GC108,0,
811,604,Windows,commercial,L,330,GC108,0,
812,604,Mirrors,commercial,S,12.2,GC108,0,
813,604,Mirrors,commercial,S,9.28,GC108,0,
814,604,Windows,commercial,XL,386,GC101,0,
815,604,Mirrors,commercial,M,68.5,GC101,0,
816,608,Windows,commercial,M,23.7,GC218,0,
817,608,Windows,commercial,M,24,GC110,0,
818,609,Mirrors,commercial,M,26.4,GC074,0,
819,609,Windows,commercial,XL,1030,GC014,0,
820,609,Shower Doors,commercial,M,21.4,GC014,0,
821,609,Windows,commercial,L,97.2,GC109,0,
822,615,Mirrors,commercial,M,18.8,GC192,0,
823,615,Windows,commercial,XL,440,GC192,0,
824,616,Windows,commercial,L,73.7,GC146,1,791
825,617,Windows,commercial,L,151,GC029,0,
826,617,Mirrors,commercial,S,12.2,GC207,0,
827,617,Windows,commercial,L,136,GC207,0,
828,617,Mirrors,commercial,M,43,GC084,0,
829,617,Windows,commercial,L,282,GC084,0,
830,617,Windows,commercial,L,73.7,GC146,1,791
831,621,Mirrors,commercial,S,3.5,GC190,0,
832,621,Windows,commercial,M,49.1,GC190,0,
833,621,Mirrors,commercial,M,42.9,GC087,0,
834,621,Windows,commercial,XL,486,GC143,0,
835,623,Storefront,commercial,L,118,GC108,0,
836,623,Windows,commercial,M,22.4,GC131,1,845
837,624,Windows,commercial,L,227,GC051,0,
838,624,Shower Doors,commercial,M,42.1,GC051,0,
839,624,Mirrors,commercial,S,13.4,GC051,0,
840,624,Windows,commercial,L,251,GC097,0,
841,624,Windows,commercial,L,79.6,GC146,1,791
842,628,Mirrors,commercial,S,5.57,GC108,0,
843,628,Windows,commercial,M,38.9,GC108,0,
844,628,Storefront,commercial,L,222,GC131,0,
845,632,Windows,commercial,L,269,GC108,0,
846,632,Mirrors,commercial,M,19.9,GC108,0,
847,632,Windows,commercial,L,207,GC089,0,
848,635,Mirrors,commercial,M,34.4,GC092,0,
849,635,Shower Doors,commercial,L,136,GC092,0,
850,635,Windows,commercial,XL,1410,GC092,0,
851,636,Mirrors,commercial,S,11.1,GC143,0,
852,636,Mirrors,commercial,M,44.7,GC143,0,
853,636,Windows,commercial,XL,597,GC143,0,
854,636,Windows,commercial,XL,471,GC014,0,
855,636,Shower Doors,commercial,M,60.7,GC014,0,
856,636,Mirrors,commercial,M,33.5,GC084,0,
857,636,Windows,commercial,L,175,GC109,0,
858,636,Mirrors,commercial,L,76.7,GC131,0,
859,636,Windows,commercial,XL,631,GC131,0,
860,637,Storefront,commercial,L,154,GC098,0,
861,637,Windows,commercial,XL,1150,GC015,0,
862,637,Mirrors,commercial,L,190,GC015,0,
863,637,Windows,commercial,XL,764,GC207,0,
864,637,Shower Doors,commercial,L,153,GC207,0,
865,637,Mirrors,commercial,M,32.7,GC207,0,
866,642,Mirrors,commercial,S,11.2,GC109,0,
867,642,Windows,commercial,L,118,GC109,0,
868,643,Storefront,commercial,L,82,GC154,0,
869,644,Mirrors,commercial,S,5.49,GC084,0,
870,644,Windows,commercial,M,23.8,GC084,0,
871,645,Windows,commercial,L,166,GC108,0,
872,645,Storefront,commercial,M,45.7,GC087,0,
873,645,Windows,commercial,L,85.4,GC143,0,
874,645,Windows,commercial,L,94.8,GC033,1,882
875,645,Storefront,commercial,M,40.3,GC033,1,882
876,645,Mirrors,commercial,S,7.12,GC160,0,
877,649,Storefront,commercial,S,7.84,GC155,0,
878,649,Storefront,commercial,M,58.5,GC040,0,
879,649,Windows,commercial,L,278,GC072,0,
880,649,Windows,commercial,L,121,GC213,0,
881,649,Mirrors,commercial,S,3.39,GC213,0,
882,652,Windows,commercial,L,183,GC089,0,
883,653,Storefront,commercial,M,47.4,GC063,0,
884,653,Windows,commercial,XL,1040,GC213,0,
885,653,Mirrors,commercial,M,60.6,GC213,0,
886,656,Storefront,commercial,L,89.7,GC098,0,
887,657,Shower Doors,commercial,M,60.6,GC222,0,
888,657,Windows,commercial,XL,870,GC222,0,
889,657,Mirrors,commercial,M,55.7,GC222,0,
890,658,Storefront,commercial,M,24.3,GC169,0,
891,659,Storefront,commercial,M,29.6,GC138,0,
892,659,Storefront,commercial,M,29,GC154,0,
893,659,Shower Doors,commercial,S,13.9,GC140,0,
894,659,Windows,commercial,L,98.4,GC140,0,
895,659,Mirrors,commercial,S,4.74,GC140,0,
896,663,Windows,commercial,L,91.7,GC010,0,
897,664,Storefront,commercial,M,20.8,GC138,1,929
898,664,Storefront,commercial,L,154,GC078,0,
899,664,Windows,commercial,L,139,GC131,0,
900,666,Windows,commercial,L,345,GC143,0,
901,666,Mirrors,commercial,S,16.6,GC143,0,
902,670,Storefront,commercial,L,150,GC051,0,
903,670,Storefront,commercial,M,25.1,GC058,0,
904,672,Storefront,commercial,L,149,GC199,0,
905,672,Mirrors,commercial,S,2.02,GC063,0,
906,672,Windows,commercial,L,74.1,GC063,0,
907,673,Windows,commercial,XL,867,GC087,0,
908,673,Shower Doors,commercial,L,154,GC087,0,
909,673,Mirrors,commercial,M,18.7,GC087,0,
910,673,Windows,commercial,L,79,GC039,0,
911,673,Mirrors,commercial,S,9.25,GC039,0,
912,677,Windows,commercial,M,48.4,GC226,0,
913,677,Mirrors,commercial,S,4.01,GC226,0,
914,677,Storefront,commercial,L,311,GC184,0,
915,678,Windows,commercial,XL,476,GC051,0,
916,678,Mirrors,commercial,M,51.9,GC051,0,
917,678,Storefront,commercial,L,245,GC063,0,
918,679,Storefront,commercial,M,26.1,GC133,1,714
919,680,Storefront,commercial,L,103,GC051,0,
920,680,Windows,commercial,XL,604,GC046,0,
921,680,Mirrors,commercial,M,57.6,GC046,0,
922,680,Storefront,commercial,M,67.3,GC187,0,
923,681,Windows,commercial,M,39.4,GC052,0,
924,681,Mirrors,commercial,S,1.63,GC052,0,
925,681,Shower Doors,commercial,S,8.27,GC052,0,
926,681,Storefront,commercial,L,292,GC101,1,798
927,681,Mirrors,commercial,M,68.9,GC101,1,798
928,681,Windows,commercial,XL,581,GC101,1,798
929,681,Windows,commercial,L,141,GC109,0,
930,681,Mirrors,commercial,S,11.2,GC109,0,
931,681,Storefront,commercial,S,8.97,GC213,0,
932,686,Windows,commercial,M,63.2,GC052,0,
933,686,Mirrors,commercial,S,1.13,GC052,0,
934,686,Shower Doors,commercial,S,6.55,GC052,0,
935,687,Storefront,commercial,XL,478,GC026,0,
936,687,Storefront,commercial,M,58.4,GC189,0,
937,687,Windows,commercial,M,69.5,GC201,0,
938,687,Storefront,commercial,S,13.4,GC115,0,
939,688,Shower Doors,commercial,L,104,GC084,0,
940,688,Mirrors,commercial,M,58.4,GC084,0,
941,688,Windows,commercial,XL,1520,GC084,0,
942,692,Windows,commercial,S,3.54,GC051,0,
943,692,Storefront,commercial,M,19.8,GC051,0,
944,698,Mirrors,commercial,S,1.93,GC193,0,
945,698,Windows,commercial,S,11.6,GC193,0,
946,699,Windows,commercial,L,241,GC108,0,
947,699,Mirrors,commercial,M,19.9,GC108,0,
948,699,Windows,commercial,L,126,GC087,0,
949,699,Mirrors,commercial,S,13.7,GC119,0,
950,699,Mirrors,commercial,M,36.1,GC046,0,
951,699,Windows,commercial,XL,518,GC046,0,
952,699,Shower Doors,commercial,L,87.8,GC052,0,
953,699,Windows,commercial,L,261,GC052,0,
954,699,Mirrors,commercial,S,17,GC052,0,
955,700,Storefront,commercial,M,33.9,GC109,0,
956,706,Mirrors,commercial,S,10.4,GC155,0,
957,706,Windows,commercial,L,87.4,GC155,0,
958,706,Shower Doors,commercial,L,239,GC014,0,
959,706,Windows,commercial,XL,1150,GC014,0,
960,706,Mirrors,commercial,M,52.6,GC014,0,
961,707,Windows,commercial,XL,1820,GC099,0,
962,708,Windows,commercial,M,64.1,GC121,0,
963,708,Mirrors,commercial,S,5.64,GC121,0,
964,708,Shower Doors,commercial,S,11.6,GC121,0,
965,709,Windows,commercial,L,89.5,GC160,0,
966,709,Shower Doors,commercial,M,50,GC160,0,
967,709,Mirrors,commercial,S,8.94,GC160,0,
968,712,Storefront,commercial,M,44.2,GC080,0,
969,715,Windows,commercial,L,103,GC193,0,
970,715,Windows,commercial,L,133,GC131,1,789
971,715,Windows,commercial,L,86.8,GC131,1,897
972,716,Shower Doors,commercial,S,13,GC084,0,
973,716,Storefront,commercial,M,37.1,GC084,1,954
974,716,Windows,commercial,L,235,GC084,1,954
975,716,Mirrors,commercial,M,45.7,GC084,1,954
976,733,Storefront,commercial,M,23.8,GC030,1,895
977,733,Storefront,commercial,M,24.9,GC030,1,894
978,733,Storefront,commercial,L,96.1,GC030,1,893
979,733,Shower Doors,commercial,M,39.8,GC108,0,
980,733,Mirrors,commercial,S,5.92,GC160,0,
981,733,Windows,commercial,L,185,GC160,1,824
982,736,Mirrors,commercial,M,56.7,GC084,0,
983,736,Shower Doors,commercial,L,136,GC084,0,
984,736,Windows,commercial,XL,1130,GC084,0,
985,737,Mirrors,commercial,S,8.2,GC131,0,
986,742,Storefront,commercial,M,32.1,GC004,0,
987,743,Mirrors,commercial,M,42.1,GC014,0,
988,743,Windows,commercial,XL,1210,GC014,0,
989,743,Mirrors,commercial,M,23.3,GC084,1,1023
990,743,Windows,commercial,L,235,GC084,1,1023
991,744,Storefront,commercial,M,48.4,GC184,0,
992,744,Storefront,commercial,M,46.1,GC063,0,
993,747,Storefront,commercial,S,0.227,GC004,1,928
994,749,Windows,commercial,L,164,GC193,0,
995,749,Mirrors,commercial,S,11.2,GC193,0,
996,749,Windows,commercial,M,38,GC136,0,
997,749,Mirrors,commercial,S,6.13,GC136,0,
998,749,Windows,commercial,L,165,GC140,0,
999,749,Shower Doors,commercial,S,16.7,GC140,0,
1000,749,Mirrors,commercial,S,4.96,GC140,0,
1001,749,Windows,commercial,L,145,GC213,0,
1002,751,Shower Doors,commercial,M,25.1,GC104,0,
1003,751,Windows,commercial,L,263,GC104,0,
1004,751,Mirrors,commercial,S,12.3,GC104,0,
1005,754,Mirrors,commercial,M,49.8,GC119,0,
1006,754,Shower Doors,commercial,L,90.4,GC119,0,
1007,754,Windows,commercial,XL,1290,GC119,0,
1008,755,Storefront,commercial,L,153,GC184,0,
1009,755,Windows,commercial,L,254,GC084,0,
1010,755,Shower Doors,commercial,L,75.4,GC084,0,
1011,755,Storefront,commercial,M,65.9,GC084,0,
1012,755,Mirrors,commercial,M,37.4,GC084,0,
1013,756,Mirrors,commercial,S,16.9,GC223,0,
1014,756,Windows,commercial,L,201,GC223,0,
1015,756,Shower Doors,commercial,M,37.9,GC223,0,
1016,756,Windows,commercial,XL,481,GC161,1,1114
1017,756,Mirrors,commercial,M,61,GC161,0,
1018,756,Storefront,commercial,L,253,GC161,1,1114
1019,756,Windows,commercial,L,78.3,GC084,0,
1020,756,Mirrors,commercial,S,2.13,GC084,0,
1021,757,Mirrors,commercial,M,19.8,GC119,0,
1022,757,Windows,commercial,XL,576,GC119,0,
1023,757,Storefront,commercial,M,26.5,GC086,0,
1024,757,Shower Doors,commercial,M,25.3,GC101,1,757
1025,757,Storefront,commercial,M,45.7,GC141,0,
1026,757,Storefront,commercial,M,45.5,GC039,0,
1027,763,Storefront,commercial,S,5.99,GC138,0,
1028,763,Storefront,commercial,L,162,GC030,1,896
1029,763,Windows,commercial,L,150,GC066,0,
1030,765,Mirrors,commercial,S,13,GC107,0,
1031,765,Windows,commercial,L,321,GC107,0,
1032,769,Storefront,commercial,M,26.7,GC051,0,
1033,769,Storefront,commercial,M,31.4,GC051,0,
1034,769,Windows,commercial,L,126,GC051,0,
1035,769,Mirrors,commercial,S,4.84,GC051,0,
1036,769,Windows,commercial,L,190,GC051,0,
1037,769,Mirrors,commercial,S,4,GC051,0,
1038,769,Mirrors,commercial,S,5.64,GC163,0,
1039,769,Storefront,commercial,M,55.8,GC163,0,
1040,769,Shower Doors,commercial,S,11.6,GC163,0,
1041,769,Windows,commercial,M,66.6,GC163,0,
1042,769,Mirrors,commercial,M,23.4,GC207,0,
1043,769,Windows,commercial,XL,807,GC207,0,
1044,771,Mirrors,commercial,S,3.01,GC222,0,
1045,771,Storefront,commercial,S,17.5,GC063,0,
1046,772,Windows,commercial,L,221,GC193,0,
1047,772,Shower Doors,commercial,S,15.5,GC193,0,
1048,772,Mirrors,commercial,S,9.75,GC193,0,
1049,772,Mirrors,commercial,M,59.9,GC084,0,
1050,772,Windows,commercial,XL,951,GC084,0,
1051,772,Shower Doors,commercial,L,123,GC084,0,
1052,776,Windows,commercial,S,17.8,GC052,0,
1053,777,Windows,commercial,L,212,GC123,0,
1054,777,Shower Doors,commercial,L,108,GC123,1,1121
1055,779,Windows,commercial,L,77.5,GC083,0,
1056,779,Shower Doors,commercial,L,211,GC027,0,
1057,779,Windows,commercial,L,337,GC027,0,
1058,779,Mirrors,commercial,M,34.5,GC027,0,
1059,782,Storefront,commercial,XL,1220,GC108,0,
1060,782,Storefront,commercial,L,80.6,GC183,0,
1061,783,Storefront,commercial,S,16.2,GC084,0,
1062,784,Storefront,commercial,L,142,GC218,0,
1063,785,Storefront,commercial,L,250,GC108,0,
1064,785,Storefront,commercial,L,235,GC158,0,
1065,785,Windows,commercial,L,77.6,GC213,0,
1066,785,Mirrors,commercial,S,4.27,GC213,0,
1067,785,Windows,commercial,L,75.4,GC146,0,
1068,786,Mirrors,commercial,M,29,GC199,0,
1069,786,Storefront,commercial,M,21.5,GC100,0,
1070,786,Windows,commercial,L,199,GC131,0,
1071,789,Windows,commercial,M,24.5,GC051,0,
1072,789,Mirrors,commercial,S,1.8,GC051,0,
1073,789,Storefront,commercial,L,159,GC108,0,
1074,789,Mirrors,commercial,L,124,GC087,0,
1075,789,Windows,commercial,XL,1690,GC143,0,
1076,789,Shower Doors,commercial,L,144,GC143,0,
1077,789,Mirrors,commercial,M,55.1,GC014,0,
1078,789,Shower Doors,commercial,L,178,GC014,0,
1079,789,Windows,commercial,XL,2030,GC014,0,
1080,790,Storefront,commercial,L,353,GC184,0,
1081,790,Storefront,commercial,M,58.5,GC103,0,
1082,791,Windows,commercial,XL,1390,GC199,0,
1083,791,Mirrors,commercial,L,127,GC199,0,
1084,791,Shower Doors,commercial,L,97.5,GC199,0,
1085,791,Mirrors,commercial,S,1.89,GC220,0,
1086,791,Windows,commercial,S,13,GC220,0,
1087,793,Mirrors,commercial,S,2.53,GC102,0,
1088,793,Windows,commercial,L,82,GC102,0,
1089,793,Mirrors,commercial,M,69,GC179,0,
1090,793,Shower Doors,commercial,M,67.9,GC179,1,924
1091,793,Windows,commercial,XL,640,GC179,1,924
1092,793,Mirrors,commercial,M,64.3,GC001,0,
1093,793,Shower Doors,commercial,L,106,GC001,0,
1094,793,Windows,commercial,XL,656,GC001,0,
1095,793,Windows,commercial,XL,408,GC222,0,
1096,793,Mirrors,commercial,M,28.3,GC222,0,
1097,793,Windows,commercial,XL,971,GC084,0,
1098,793,Mirrors,commercial,M,31.1,GC084,0,
1099,793,Shower Doors,commercial,S,12.5,GC131,0,
1100,793,Windows,commercial,L,102,GC131,0,
1101,793,Mirrors,commercial,S,14.2,GC131,0,
1102,796,Windows,commercial,L,118,GC192,0,
1103,796,Mirrors,commercial,S,2.19,GC192,1,889
1104,796,Windows,commercial,M,31.7,GC067,0,
1105,796,Storefront,commercial,S,8.7,GC063,1,882
1106,796,Windows,commercial,S,9.97,GC063,1,882
1107,796,Storefront,commercial,L,138,GC039,1,833
1108,796,Windows,commercial,L,238,GC180,0,
1109,796,Shower Doors,commercial,L,91.5,GC070,0,
1110,796,Mirrors,commercial,S,16.6,GC070,0,
1111,796,Storefront,commercial,L,80.9,GC131,1,891
1112,796,Mirrors,commercial,L,97.1,GC131,1,891
1113,796,Windows,commercial,XL,643,GC131,0,
1114,797,Storefront,commercial,M,48.8,GC078,0,
1115,799,Windows,commercial,XL,722,GC010,0,
1116,799,Mirrors,commercial,M,29.1,GC010,0,
1117,799,Shower Doors,commercial,M,31.1,GC010,0,
1118,799,Windows,commercial,XL,780,GC108,0,
1119,799,Mirrors,commercial,M,63.6,GC108,0,
1120,799,Mirrors,commercial,M,24.2,GC145,0,
1121,799,Storefront,commercial,L,206,GC145,0,
1122,799,Windows,commercial,L,279,GC145,0,
1123,799,Windows,commercial,L,297,GC131,0,
1124,799,Mirrors,commercial,M,23.4,GC131,0,
1125,799,Shower Doors,commercial,M,57.9,GC131,0,
1126,799,Storefront,commercial,L,118,GC131,0,
1127,804,Shower Doors,commercial,S,2.13,GC051,0,
1128,804,Mirrors,commercial,S,4.45,GC051,0,
1129,804,Windows,commercial,L,108,GC051,0,
1130,804,Windows,commercial,XL,734,GC201,0,
1131,804,Windows,commercial,XL,1130,GC046,0,
1132,805,Storefront,commercial,L,154,GC161,0,
1133,805,Storefront,commercial,M,18.7,GC155,0,
1134,805,Windows,commercial,S,6.35,GC184,0,
1135,805,Storefront,commercial,L,91.6,GC184,0,
1136,806,Mirrors,commercial,S,13.1,GC051,0,
1137,806,Windows,commercial,L,304,GC051,0,
1138,806,Storefront,commercial,M,52,GC143,1,990
1139,806,Windows,commercial,L,82.3,GC143,0,
1140,806,Mirrors,commercial,M,20.2,GC143,0,
1141,806,Windows,commercial,XL,490,GC084,0,
1142,806,Storefront,commercial,XL,683,GC084,0,
1143,806,Mirrors,commercial,M,44.5,GC084,0,
1144,807,Storefront,commercial,L,106,GC133,0,
1145,810,Windows,commercial,L,177,GC029,0,
1146,810,Storefront,commercial,S,1.95,GC096,0,
1147,811,Windows,commercial,XL,588,GC143,0,
1148,811,Mirrors,commercial,L,75.8,GC143,1,954
1149,811,Shower Doors,commercial,L,130,GC014,1,954
1150,812,Storefront,commercial,S,7.37,GC138,0,
1151,812,Storefront,commercial,S,1.15,GC004,1,996
1152,812,Storefront,commercial,S,5.94,GC004,0,
1153,813,Windows,commercial,XL,495,GC087,0,
1154,813,Mirrors,commercial,M,35.5,GC087,1,869
1155,813,Storefront,commercial,M,53,GC086,0,
1156,813,Windows,commercial,XL,790,GC143,0,
1157,813,Shower Doors,commercial,L,207,GC143,0,
1158,813,Mirrors,commercial,M,31.7,GC143,0,
1159,813,Windows,commercial,L,158,GC078,0,
1160,817,Storefront,commercial,L,139,GC108,0,
1161,818,Mirrors,commercial,S,6.27,GC087,0,
1162,818,Windows,commercial,L,98.8,GC087,0,
1163,818,Windows,commercial,L,227,GC213,1,987
1164,819,Windows,commercial,L,147,GC155,0,
1165,819,Mirrors,commercial,S,11.4,GC155,0,
1166,819,Shower Doors,commercial,M,21.6,GC155,0,
1167,819,Windows,commercial,XL,484,GC087,0,
1168,819,Mirrors,commercial,M,41,GC087,0,
1169,820,Storefront,commercial,S,17.8,GC086,0,
1170,824,Mirrors,commercial,S,1.08,GC128,1,875
1171,824,Windows,commercial,M,27.8,GC128,1,875
1172,824,Storefront,commercial,L,76.3,GC143,0,
1173,825,Mirrors,commercial,S,11,GC108,0,
1174,825,Windows,commercial,L,310,GC108,1,1042
1175,825,Shower Doors,commercial,M,67.5,GC052,0,
1176,825,Mirrors,commercial,S,17.1,GC052,0,
1177,825,Windows,commercial,L,283,GC052,0,
1178,826,Mirrors,commercial,S,4.19,GC063,0,
1179,826,Windows,commercial,S,13.8,GC063,0,
1180,826,Storefront,commercial,S,0.584,GC131,0,
1181,826,Storefront,commercial,M,38.2,GC131,0,
1182,827,Windows,commercial,M,44,GC193,0,
1183,827,Mirrors,commercial,S,4.69,GC193,0,
1184,827,Mirrors,commercial,S,4.93,GC084,0,
1185,827,Windows,commercial,L,106,GC084,0,
1186,831,Storefront,commercial,S,10.9,GC003,0,
1187,832,Storefront,commercial,M,42.9,GC103,1,931
1188,834,Windows,commercial,S,9.84,GC138,0,
1189,835,Windows,commercial,M,57,GC052,1,889
1190,835,Windows,commercial,XL,709,GC014,0,
1191,835,Mirrors,commercial,M,48.6,GC014,1,944
1192,839,Storefront,commercial,M,25.2,GC165,0,
1193,839,Storefront,commercial,L,324,GC039,0,
1194,839,Windows,commercial,M,39.3,GC131,0,
1195,842,Mirrors,commercial,L,116,GC039,0,
1196,842,Windows,commercial,XL,902,GC039,0,
1197,842,Storefront,commercial,L,168,GC131,0,
1198,845,Storefront,commercial,M,71.9,GC169,0,
1199,846,Storefront,commercial,M,47,GC109,0,
1200,846,Storefront,commercial,L,144,GC131,0,
1201,847,Storefront,commercial,M,55.7,GC138,0,
1202,847,Storefront,commercial,XL,380,GC108,0,
1203,847,Shower Doors,commercial,M,67,GC014,0,
1204,847,Mirrors,commercial,M,25.9,GC014,1,992
1205,847,Windows,commercial,XL,371,GC014,0,
1206,847,Windows,commercial,M,64.6,GC213,0,
1207,847,Mirrors,commercial,S,4.16,GC213,0,
1208,847,Mirrors,commercial,M,36,GC131,0,
1209,847,Windows,commercial,XL,937,GC131,0,
1210,847,Shower Doors,commercial,L,210,GC131,0,
1211,849,Shower Doors,commercial,M,20.7,GC123,0,
1212,849,Windows,commercial,L,106,GC123,0,
1213,849,Mirrors,commercial,S,9.03,GC123,0,
1214,849,Shower Doors,commercial,S,8.76,GC109,0,
1215,849,Mirrors,commercial,S,7.23,GC109,0,
1216,849,Windows,commercial,M,56.3,GC109,0,
1217,855,Storefront,commercial,M,50.4,GC049,0,
1218,856,Windows,commercial,L,192,GC138,0,
1219,856,Mirrors,commercial,M,18.4,GC108,0,
1220,856,Storefront,commercial,L,223,GC108,0,
1221,856,Windows,commercial,L,239,GC108,0,
1222,856,Windows,commercial,M,52.4,GC083,0,
1223,856,Windows,commercial,L,216,GC052,0,
1224,856,Mirrors,commercial,S,10.8,GC052,0,
1225,856,Storefront,commercial,M,30,GC141,0,
1226,856,Storefront,commercial,M,28.8,GC109,0,
1227,856,Windows,commercial,L,316,GC131,0,
1228,856,Storefront,commercial,L,108,GC131,0,
1229,860,Storefront,commercial,M,38.4,GC218,0,
1230,860,Windows,commercial,L,164,GC084,0,
1231,861,Windows,commercial,M,32.1,GC205,0,
1232,862,Windows,commercial,L,297,GC108,1,1204
1233,862,Mirrors,commercial,S,13.6,GC108,1,1204
1234,862,Shower Doors,commercial,L,97.6,GC108,1,1204
1235,862,Storefront,commercial,M,42.3,GC108,1,1204
1236,862,Mirrors,commercial,S,2.2,GC109,0,
1237,862,Windows,commercial,M,20.1,GC109,0,
1238,862,Storefront,commercial,L,278,GC145,0,
1239,862,Mirrors,commercial,M,30.9,GC145,0,
1240,862,Windows,commercial,L,271,GC145,0,
1241,862,Mirrors,commercial,S,7.01,GC140,0,
1242,862,Shower Doors,commercial,S,12.9,GC140,0,
1243,862,Windows,commercial,L,155,GC140,0,
1244,862,Windows,commercial,M,38,GC103,0,
1245,868,Storefront,commercial,L,267,GC010,0,
1246,868,Shower Doors,commercial,L,179,GC014,1,1014
1247,868,Mirrors,commercial,M,54.7,GC014,1,1014
1248,868,Windows,commercial,XL,835,GC014,0,
1249,868,Storefront,commercial,L,98.4,GC109,0,
1250,869,Mirrors,commercial,S,3.41,GC087,0,
1251,869,Windows,commercial,L,127,GC087,0,
1252,869,Storefront,commercial,L,133,GC046,0,
1253,870,Mirrors,commercial,S,14.3,GC097,0,
1254,870,Windows,commercial,L,191,GC097,0,
1255,870,Windows,commercial,M,73.4,GC146,0,
1256,873,Windows,commercial,S,14.9,GC051,0,
1257,873,Mirrors,commercial,S,0.365,GC051,0,
1258,873,Windows,commercial,M,38,GC131,0,
1259,875,Mirrors,commercial,S,3.18,GC051,0,
1260,875,Windows,commercial,M,50.4,GC051,0,
1261,875,Windows,commercial,XL,825,GC108,0,
1262,875,Windows,commercial,S,4.32,GC193,0,
1263,875,Mirrors,commercial,M,58.1,GC027,0,
1264,875,Windows,commercial,XL,1580,GC027,0,
1265,875,Shower Doors,commercial,L,103,GC027,0,
1266,875,Windows,commercial,L,359,GC119,0,
1267,875,Mirrors,commercial,M,20.2,GC119,0,
1268,876,Storefront,commercial,L,184,GC063,0,
1269,880,Mirrors,commercial,S,9.76,GC108,1,896
1270,880,Shower Doors,commercial,S,9.84,GC108,1,896
1271,880,Windows,commercial,S,3.5,GC139,0,
1272,881,Mirrors,commercial,M,21.9,GC087,0,
1273,881,Windows,commercial,L,219,GC087,0,
1274,881,Windows,commercial,XL,819,GC046,0,
1275,881,Windows,commercial,M,43.9,GC033,1,1036
1276,881,Mirrors,commercial,M,55.5,GC194,0,
1277,881,Shower Doors,commercial,L,108,GC194,0,
1278,881,Windows,commercial,XL,1630,GC194,0,
1279,881,Storefront,commercial,S,7.07,GC131,0,
1280,882,Storefront,commercial,S,0.315,GC004,0,
1281,887,Windows,commercial,L,224,GC108,0,
1282,887,Mirrors,commercial,S,15.7,GC108,0,
1283,887,Windows,commercial,L,157,GC087,0,
1284,887,Mirrors,commercial,S,17.2,GC087,0,
1285,887,Windows,commercial,M,48.2,GC052,0,
1286,887,Windows,commercial,L,234,GC180,0,
1287,891,Windows,commercial,M,26.8,GC192,0,
1288,891,Shower Doors,commercial,S,3.36,GC192,0,
1289,891,Mirrors,commercial,S,1.19,GC192,0,
1290,894,Storefront,commercial,XL,414,GC184,0,
1291,894,Windows,commercial,S,11.1,GC076,0,
1292,895,Storefront,commercial,M,72,GC070,0,
1293,896,Windows,commercial,L,359,GC143,0,
1294,896,Mirrors,commercial,M,20.2,GC143,0,
1295,896,Windows,commercial,L,349,GC097,0,
1296,896,Mirrors,commercial,M,65.8,GC097,0,
1297,897,Mirrors,commercial,S,1.29,GC193,0,
1298,897,Windows,commercial,M,19.9,GC193,0,
1299,897,Mirrors,commercial,S,1.87,GC087,0,
1300,897,Windows,commercial,M,23.9,GC087,0,
1301,897,Windows,commercial,XL,414,GC039,1,1161
1302,897,Specialty,commercial,L,82,GC039,1,1161
1303,897,Mirrors,commercial,M,55.3,GC039,0,
1304,897,Shower Doors,commercial,L,91.9,GC039,0,
1305,901,Mirrors,commercial,S,6.48,GC087,0,
1306,901,Windows,commercial,L,127,GC087,0,
1307,901,Storefront,commercial,L,106,GC072,0,
1308,901,Windows,commercial,L,99.1,GC072,0,
1309,904,Windows,commercial,M,21.5,GC007,0,
1310,904,Windows,commercial,S,9.32,GC173,1,931
1311,904,Storefront,commercial,M,43.8,GC173,1,931
1312,904,Windows,commercial,S,8.43,GC166,0,
1313,904,Shower Doors,commercial,L,105,GC070,0,
1314,904,Mirrors,commercial,M,32.2,GC070,0,
1315,908,Shower Doors,commercial,S,2.97,GC107,0,
1316,908,Windows,commercial,S,17.1,GC107,0,
1317,908,Mirrors,commercial,S,1.86,GC107,0,
1318,908,Storefront,commercial,L,73.8,GC131,0,
1319,909,Mirrors,commercial,S,9.54,GC184,1,909
1320,909,Shower Doors,commercial,S,16.8,GC184,1,909
1321,909,Windows,commercial,L,149,GC083,0,
1322,909,Storefront,commercial,L,123,GC083,0,
1323,909,Storefront,commercial,L,80.2,GC131,0,
1324,909,Mirrors,commercial,L,82.3,GC131,0,
1325,909,Windows,commercial,XL,745,GC131,0,
1326,909,Shower Doors,commercial,L,189,GC131,0,
1327,916,Mirrors,commercial,M,20.5,GC108,0,
1328,916,Windows,commercial,XL,857,GC143,0,
1329,916,Mirrors,commercial,M,38.2,GC143,0,
1330,916,Shower Doors,commercial,L,190,GC143,1,1125
1331,916,Windows,commercial,M,49.9,GC014,0,
1332,916,Windows,commercial,L,198,GC153,0,
1333,916,Windows,commercial,L,148,GC213,0,
1334,916,Mirrors,commercial,S,10.1,GC213,0,
1335,917,Storefront,commercial,L,313,GC051,0,
1336,917,Storefront,commercial,M,54.7,GC026,0,
1337,917,Storefront,commercial,L,120,GC098,0,
1338,918,Shower Doors,commercial,L,101,GC131,0,
1339,918,Windows,commercial,XL,671,GC131,0,
1340,918,Mirrors,commercial,M,61.5,GC131,0,
1341,919,Mirrors,commercial,S,5.26,GC163,0,
1342,919,Windows,commercial,M,61.4,GC163,0,
1343,919,Mirrors,commercial,M,33.7,GC046,0,
1344,919,Windows,commercial,XL,646,GC046,0,
1345,919,Shower Doors,commercial,L,122,GC194,0,
1346,922,Mirrors,commercial,M,59.5,GC087,0,
1347,922,Windows,commercial,L,158,GC119,0,
1348,922,Mirrors,commercial,S,17.1,GC154,0,
1349,922,Windows,commercial,XL,1260,GC154,0,
1350,924,Windows,commercial,L,82.3,GC033,0,
1351,929,Shower Doors,commercial,M,69.5,GC187,0,
1352,929,Mirrors,commercial,S,14.3,GC187,0,
1353,929,Windows,commercial,L,286,GC187,0,
1354,929,Windows,commercial,M,35.2,GC089,1,1020
1355,930,Windows,commercial,XL,696,GC141,0,
1356,930,Storefront,commercial,M,53.2,GC131,0,
1357,930,Windows,commercial,XL,573,GC131,0,
1358,930,Mirrors,commercial,M,18.7,GC131,0,
1359,932,Windows,commercial,L,306,GC108,0,
1360,932,Windows,commercial,XL,573,GC143,0,
1361,932,Mirrors,commercial,M,18.7,GC143,0,
1362,932,Mirrors,commercial,M,19.2,GC014,0,
1363,932,Windows,commercial,M,32.2,GC097,0,
1364,936,Windows,commercial,M,31,GC026,0,
1365,936,Mirrors,commercial,S,3.19,GC026,0,
1366,936,Windows,commercial,L,251,GC011,0,
1367,936,Storefront,commercial,M,30.4,GC154,0,
1368,936,Windows,commercial,L,225,GC094,0,
1369,936,Mirrors,commercial,M,22.8,GC094,0,
1370,936,Storefront,commercial,M,21.9,GC094,0,
1371,937,Mirrors,commercial,S,6.52,GC087,0,
1372,937,Windows,commercial,M,64.1,GC087,0,
1373,937,Windows,commercial,S,2.61,GC166,0,
1374,938,Mirrors,commercial,S,14.5,GC121,0,
1375,938,Windows,commercial,L,167,GC121,0,
1376,938,Shower Doors,commercial,L,130,GC084,0,
1377,938,Windows,commercial,XL,1090,GC084,0,
1378,938,Mirrors,commercial,L,165,GC084,0,
1379,939,Storefront,commercial,L,324,GC027,0,
1380,939,Mirrors,commercial,S,15.1,GC027,0,
1381,939,Windows,commercial,XL,522,GC027,0,
1382,939,Shower Doors,commercial,L,81.4,GC027,0,
1383,939,Mirrors,commercial,M,51.2,GC087,0,
1384,939,Windows,commercial,L,337,GC087,0,
1385,939,Mirrors,commercial,S,12.9,GC147,0,
1386,939,Mirrors,commercial,S,1.11,GC063,0,
1387,939,Windows,commercial,M,39.6,GC063,0,
1388,943,Storefront,commercial,L,183,GC030,0,
1389,943,Mirrors,commercial,M,55.3,GC087,1,1071
1390,943,Windows,commercial,XL,715,GC210,0,
1391,943,Storefront,commercial,M,55.2,GC078,0,
1392,944,Windows,commercial,M,55.4,GC223,0,
1393,944,Shower Doors,commercial,S,6.44,GC223,0,
1394,944,Mirrors,commercial,S,3.43,GC223,0,
1395,944,Windows,commercial,M,40.1,GC026,0,
1396,945,Windows,commercial,XL,890,GC014,0,
1397,945,Shower Doors,commercial,M,66.6,GC014,0,
1398,945,Mirrors,commercial,M,60.7,GC014,0,
1399,950,Windows,commercial,XL,930,GC108,0,
1400,950,Mirrors,commercial,L,128,GC108,0,
1401,950,Storefront,commercial,S,1.74,GC063,1,1134
1402,950,Windows,commercial,L,126,GC213,0,
1403,950,Mirrors,commercial,S,6.58,GC213,0,
1404,950,Shower Doors,commercial,S,15.2,GC131,0,
1405,950,Storefront,commercial,M,40,GC131,0,
1406,953,Mirrors,commercial,M,22.8,GC087,0,
1407,953,Storefront,commercial,M,21.9,GC087,0,
1408,953,Windows,commercial,L,225,GC087,0,
1409,957,Storefront,commercial,S,9.65,GC009,0,
1410,957,Windows,commercial,XL,589,GC046,0,
1411,957,Storefront,commercial,M,43.5,GC097,0,
1412,958,Mirrors,commercial,L,74.2,GC087,0,
1413,958,Windows,commercial,XL,806,GC087,0,
1414,958,Shower Doors,commercial,XL,434,GC087,0,
1415,958,Mirrors,commercial,S,1.12,GC154,0,
1416,958,Windows,commercial,S,16.9,GC154,0,
1417,958,Windows,commercial,L,104,GC089,0,
1418,959,Mirrors,commercial,S,12.3,GC221,1,959
1419,964,Storefront,commercial,L,87.7,GC054,0,
1420,965,Windows,commercial,L,142,GC087,0,
1421,965,Mirrors,commercial,M,19.3,GC087,1,999
1422,967,Windows,commercial,M,45.2,GC192,0,
1423,967,Mirrors,commercial,S,3.06,GC192,1,1030
1424,967,Storefront,commercial,M,45.9,GC067,0,
1425,971,Windows,commercial,S,8.25,GC086,0,
1426,972,Windows,commercial,XL,1290,GC087,0,
1427,972,Mirrors,commercial,M,60.7,GC087,0,
1428,973,Windows,commercial,XL,384,GC087,0,
1429,973,Mirrors,commercial,S,16,GC087,0,
1430,974,Windows,commercial,M,56.9,GC192,0,
1431,974,Mirrors,commercial,M,18.6,GC192,1,1118
1432,974,Shower Doors,commercial,M,55.6,GC192,1,1118
1433,974,Windows,commercial,S,4.16,GC046,0,
1434,974,Windows,commercial,L,235,GC052,0,
1435,974,Mirrors,commercial,M,31,GC052,0,
1436,974,Shower Doors,commercial,M,63.1,GC052,0,
1437,974,Windows,commercial,M,33.4,GC089,0,
1438,978,Windows,commercial,L,366,GC119,0,
1439,978,Mirrors,commercial,M,21,GC119,0,
1440,979,Shower Doors,commercial,L,180,GC180,0,
1441,979,Mirrors,commercial,L,190,GC180,0,
1442,979,Windows,commercial,XL,1210,GC180,0,
1443,981,Windows,commercial,M,65,GC094,0,
1444,981,Windows,commercial,L,86.5,GC089,0,
1445,981,Mirrors,commercial,S,12.4,GC089,0,
1446,985,Storefront,commercial,S,1.11,GC138,0,
1447,985,Storefront,commercial,M,36.7,GC123,0,
1448,985,Mirrors,commercial,M,31.6,GC222,0,
1449,985,Storefront,commercial,L,90.1,GC131,0,
1450,986,Storefront,commercial,L,92.6,GC138,0,
1451,988,Storefront,commercial,L,179,GC138,0,
1452,988,Windows,commercial,L,291,GC007,0,
1453,988,Shower Doors,commercial,L,79.9,GC084,0,
1454,988,Mirrors,commercial,S,15.7,GC084,0,
1455,988,Windows,commercial,L,177,GC084,0,
1456,992,Storefront,commercial,M,29,GC138,0,
1457,993,Storefront,commercial,M,24.3,GC154,0,
1458,993,Storefront,commercial,M,48.4,GC154,0,
1459,993,Mirrors,commercial,S,5.07,GC213,0,
1460,993,Windows,commercial,M,65.5,GC213,0,
1461,994,Storefront,commercial,L,241,GC040,0,
1462,994,Windows,commercial,M,64.2,GC087,0,
1463,994,Shower Doors,commercial,L,246,GC087,0,
1464,994,Windows,commercial,M,71.2,GC087,0,
1465,994,Storefront,commercial,L,204,GC087,1,1301
1466,994,Windows,commercial,XL,375,GC087,1,1301
1467,994,Mirrors,commercial,M,64,GC087,0,1301
1468,994,Mirrors,commercial,S,6.32,GC087,0,
1469,994,Mirrors,commercial,S,7.09,GC087,0,
1470,994,Windows,commercial,L,347,GC194,0,
1471,994,Mirrors,commercial,M,18.8,GC194,1,1175
1472,994,Shower Doors,commercial,L,112,GC194,1,1175
1473,999,Storefront,commercial,L,135,GC199,0,
1474,999,Windows,commercial,XL,595,GC108,0,
1475,999,Mirrors,commercial,M,24.8,GC108,0,
1476,999,Storefront,commercial,M,72.5,GC004,0,
1477,999,Windows,commercial,L,266,GC087,0,
1478,999,Mirrors,commercial,M,59.5,GC087,0,
1479,999,Storefront,commercial,L,180,GC063,0,
1480,1002,Storefront,commercial,L,101,GC108,0,
1481,1002,Windows,commercial,XL,901,GC108,0,
1482,1002,Mirrors,commercial,M,62.1,GC108,0,
1483,1002,Storefront,commercial,L,81.1,GC087,1,1125
1484,1002,Mirrors,commercial,S,7.01,GC087,0,
1485,1002,Windows,commercial,L,94.2,GC087,0,
1486,1006,Mirrors,commercial,L,89.4,GC143,0,
1487,1006,Shower Doors,commercial,L,100,GC143,0,
1488,1006,Windows,commercial,XL,1010,GC143,0,
1489,1006,Shower Doors,commercial,S,5.76,GC052,1,1302
1490,1006,Mirrors,commercial,S,2.39,GC052,0,
1491,1006,Windows,commercial,M,25.8,GC052,1,1302
1492,1007,Storefront,commercial,S,1.95,GC144,0,
1493,1008,Mirrors,commercial,L,101,GC199,1,1080
1494,1008,Shower Doors,commercial,L,182,GC199,1,1080
1495,1008,Windows,commercial,XL,790,GC199,1,1080
1496,1008,Mirrors,commercial,S,3.18,GC087,0,
1497,1008,Windows,commercial,M,48.1,GC087,0,
1498,1008,Windows,commercial,XL,545,GC014,0,
1499,1008,Mirrors,commercial,S,11.9,GC014,0,
1500,1009,Mirrors,commercial,S,13.3,GC143,0,
1501,1009,Windows,commercial,XL,563,GC143,0,
1502,1014,Windows,commercial,L,160,GC083,0,
1503,1015,Storefront,commercial,L,97.6,GC172,0,
1504,1016,Storefront,commercial,M,33.5,GC184,0,
1505,1020,Windows,commercial,M,26.4,GC158,1,1070
1506,1020,Storefront,commercial,S,16,GC158,1,1070
1507,1020,Storefront,commercial,S,15.5,GC169,0,
1508,1020,Windows,commercial,M,24.5,GC224,0,
1509,1022,Windows,commercial,S,11.8,GC063,0,
1510,1022,Windows,commercial,L,217,GC131,0,
1511,1022,Mirrors,commercial,M,37.7,GC131,0,
1512,1023,Shower Doors,commercial,L,194,GC093,1,1149
1513,1023,Windows,commercial,XL,936,GC093,1,1149
1514,1023,Mirrors,commercial,M,44.4,GC093,0,
1515,1023,Windows,commercial,L,286,GC083,0,
1516,1023,Mirrors,commercial,M,28,GC083,0,
1517,1027,Mirrors,commercial,S,10.7,GC184,0,
1518,1027,Shower Doors,commercial,S,17.5,GC184,0,
1519,1027,Windows,commercial,L,164,GC184,0,
1520,1027,Windows,commercial,L,208,GC073,0,
1521,1027,Mirrors,commercial,S,6.51,GC073,0,
1522,1027,Windows,commercial,L,181,GC084,0,
1523,1028,Mirrors,commercial,M,19.4,GC087,0,
1524,1028,Windows,commercial,L,161,GC087,0,
1525,1028,Mirrors,commercial,M,24.1,GC207,0,
1526,1028,Windows,commercial,XL,569,GC207,0,
1527,1029,Windows,commercial,XL,1910,GC076,0,
1528,1034,Storefront,commercial,L,286,GC184,0,
1529,1035,Mirrors,commercial,M,34.5,GC143,0,
1530,1035,Windows,commercial,XL,1020,GC143,0,
1531,1036,Storefront,commercial,S,17.5,GC071,0,
1532,1036,Storefront,commercial,S,6.82,GC150,0,
1533,1038,Mirrors,commercial,S,16.4,GC087,0,
1534,1038,Windows,commercial,L,354,GC087,0,
1535,1038,Mirrors,commercial,M,20.9,GC196,0,
1536,1038,Windows,commercial,XL,525,GC196,0,
1537,1038,Shower Doors,commercial,L,81.4,GC196,0,
1538,1038,Storefront,commercial,L,256,GC196,,
1539,1043,Mirrors,commercial,M,32.6,GC143,0,
1540,1043,Windows,commercial,XL,606,GC143,0,
1541,1043,Mirrors,commercial,S,4.62,GC063,0,
1542,1043,Shower Doors,commercial,M,36.5,GC063,0,
1543,1043,Windows,commercial,L,81.4,GC063,0,
1544,1043,Storefront,commercial,M,23.5,GC063,0,
1545,1044,Storefront,commercial,M,68.7,GC155,1,1114
1546,1045,Storefront,commercial,M,24.7,GC108,0,
1547,1045,Mirrors,commercial,M,20,GC108,0,
1548,1045,Windows,commercial,L,289,GC108,0,
1549,1045,Windows,commercial,XL,444,GC196,0,
1550,1045,Mirrors,commercial,S,2.88,GC143,0,
1551,1045,Storefront,commercial,L,154,GC143,0,
1552,1045,Shower Doors,commercial,S,3.22,GC143,0,
1553,1045,Windows,commercial,M,43.8,GC143,0,
1554,1050,Windows,commercial,L,77.6,GC087,0,
1555,1050,Mirrors,commercial,S,4.67,GC087,0,
1556,1050,Shower Doors,commercial,M,40.4,GC087,0,
1557,1050,Windows,commercial,L,76.6,GC102,0,
1558,1050,Mirrors,commercial,S,2.72,GC102,0,
1559,1050,Storefront,commercial,M,19.9,GC107,0,
1560,1050,Shower Doors,commercial,L,135,GC084,0,
1561,1050,Storefront,commercial,L,200,GC084,0,
1562,1050,Windows,commercial,XL,954,GC084,1,1176
1563,1050,Mirrors,commercial,L,174,GC084,0,
1564,1050,Mirrors,commercial,M,26.9,GC109,0,
1565,1050,Windows,commercial,L,217,GC131,0,
1566,1052,Windows,commercial,M,26.6,GC203,0,
1567,1055,Storefront,commercial,XL,706,GC222,0,
1568,1055,Mirrors,commercial,M,59.8,GC222,0,
1569,1055,Windows,commercial,XL,454,GC207,0,
1570,1056,Storefront,commercial,M,49.1,GC086,0,
1571,1056,Windows,commercial,L,169,GC086,0,
1572,1062,Storefront,commercial,S,14.9,GC132,0,
1573,1063,Storefront,commercial,M,66.1,GC010,0,
1574,1070,Storefront,commercial,M,58.5,GC132,0,
1575,1070,Storefront,commercial,XL,1090,GC087,0,
1576,1070,Windows,commercial,XL,817,GC087,0,1308
1577,1070,Shower Doors,commercial,XL,599,GC087,0,1308
1578,1070,Mirrors,commercial,L,74.4,GC087,0,1308
1579,1071,Storefront,commercial,M,36.1,GC009,1,1125
1580,1073,Shower Doors,commercial,L,198,GC143,0,
1581,1073,Windows,commercial,XL,1830,GC143,0,
1582,1073,Mirrors,commercial,M,57.7,GC143,0,
1583,1076,Storefront,commercial,S,17.8,GC036,0,
1584,1078,Mirrors,commercial,M,27.3,GC108,0,
1585,1078,Windows,commercial,L,254,GC108,0,
1586,1078,Storefront,commercial,L,115,GC087,1,1206
1587,1078,Mirrors,commercial,M,47.7,GC087,1,1206
1588,1078,Windows,commercial,XL,898,GC087,1,1206
1589,1079,Windows,commercial,XL,444,GC063,0,
1590,1079,Mirrors,commercial,M,32.1,GC063,0,
1591,1079,Shower Doors,commercial,L,178,GC063,0,
1592,1079,Windows,commercial,XL,389,GC097,0,
1593,1079,Mirrors,commercial,M,21.5,GC097,0,
1594,1080,Storefront,commercial,S,3.56,GC155,0,
1595,1080,Windows,commercial,XL,528,GC119,0,
1596,1080,Mirrors,commercial,M,31.4,GC119,0,
1597,1080,Windows,commercial,M,40.3,GC131,0,
1598,1083,Storefront,commercial,XL,371,GC131,0,
1599,1091,Storefront,commercial,S,3.14,GC009,0,
1600,1094,Windows,commercial,L,101,GC163,0,
1601,1098,Windows,commercial,L,76.1,GC051,0,
1602,1098,Mirrors,commercial,S,7.18,GC051,1,1177
1603,1104,Mirrors,commercial,S,5.06,GC084,0,
1604,1105,Storefront,commercial,S,16.7,GC101,,
1605,1105,Windows,commercial,M,42.1,GC033,0,
1606,1106,Windows,commercial,L,129,GC089,0,
1607,1108,Windows,commercial,M,25.7,GC184,0,1311
1608,1112,Storefront,commercial,L,126,GC199,0,
1609,1113,Windows,commercial,XL,505,GC108,0,
1610,1113,Storefront,commercial,L,312,GC108,0,
1611,1113,Mirrors,commercial,M,54.3,GC108,0,
1612,1114,Mirrors,commercial,L,99.2,GC010,0,
1613,1114,Windows,commercial,XL,727,GC010,0,
1614,1114,Storefront,commercial,L,123,GC131,0,
1615,1115,Mirrors,commercial,S,17.7,GC084,0,
1616,1115,Windows,commercial,L,273,GC084,0,
1617,1115,Storefront,commercial,XL,487,GC084,0,
1618,1125,Mirrors,commercial,M,47.8,GC010,,
1619,1125,Windows,commercial,XL,589,GC010,,
1620,1125,Shower Doors,commercial,M,38,GC010,,
1621,1125,Storefront,commercial,XL,787,GC010,,
1622,1125,Storefront,commercial,XL,615,GC143,0,
1623,1125,Windows,commercial,XL,1160,GC143,0,
1624,1125,Shower Doors,commercial,L,280,GC207,0,
1625,1125,Mirrors,commercial,M,42.5,GC207,0,
1626,1129,Shower Doors,commercial,L,128,GC087,0,
1627,1129,Windows,commercial,XL,400,GC087,0,
1628,1129,Mirrors,commercial,M,61.4,GC087,0,
1629,1134,Windows,commercial,L,93.5,GC163,1,1225
1630,1134,Storefront,commercial,L,103,GC163,0,
1631,1134,Mirrors,commercial,S,4.67,GC163,0,
1632,1134,Windows,commercial,XL,544,GC161,0,1290
1633,1134,Mirrors,commercial,M,23.2,GC143,0,
1634,1134,Windows,commercial,XL,625,GC143,0,
1635,1136,Mirrors,commercial,M,22,GC163,,
1636,1136,Windows,commercial,L,127,GC163,,
1637,1136,Storefront,commercial,M,70.9,GC163,,
1638,1142,Mirrors,commercial,M,47.9,GC108,0,
1639,1142,Windows,commercial,L,314,GC207,0,
1640,1143,Windows,commercial,L,84.4,GC163,1,1205
1641,1143,Mirrors,commercial,S,8.79,GC163,,
1642,1143,Windows,commercial,L,159,GC087,0,
1643,1147,Windows,commercial,L,251,GC187,0,
1644,1148,Windows,commercial,S,5.38,GC219,0,1314
1645,1149,Windows,commercial,M,60.4,GC194,0,
1646,1149,Windows,commercial,M,46.2,GC194,0,
1647,1149,Windows,commercial,M,53.3,GC194,0,
1648,1154,Windows,commercial,L,202,GC143,0,1294
1649,1154,Mirrors,commercial,M,19.3,GC143,0,1294
1650,1154,Shower Doors,commercial,S,11.5,GC109,0,
1651,1154,Mirrors,commercial,S,6.85,GC109,0,
1652,1154,Windows,commercial,M,70.5,GC109,0,
1653,1156,Windows,commercial,L,350,GC075,0,
1654,1160,Storefront,commercial,M,55.3,GC217,0,1309
1655,1161,Mirrors,commercial,S,1.9,GC044,,
1656,1161,Windows,commercial,L,95.6,GC084,,
1657,1162,Windows,commercial,XL,1250,GC161,0,1290
1658,1162,Mirrors,commercial,S,7.62,GC160,1,1177
1659,1162,Shower Doors,commercial,M,39.8,GC160,1,1177
1660,1163,Windows,commercial,L,195,GC143,0,
1661,1163,Shower Doors,commercial,S,17.9,GC143,0,
1662,1163,Mirrors,commercial,S,12.1,GC143,0,
1663,1164,Storefront,commercial,M,57.6,GC160,0,
1664,1167,Windows,commercial,M,53.6,GC051,,
1665,1167,Mirrors,commercial,S,2.26,GC051,,
1666,1167,Mirrors,commercial,S,4.09,GC063,,
1667,1167,Shower Doors,commercial,M,53.7,GC063,,
1668,1167,Windows,commercial,L,89.5,GC063,,
1669,1167,Storefront,commercial,M,26.7,GC063,,
1670,1167,Mirrors,commercial,M,31,GC207,0,
1671,1167,Windows,commercial,L,251,GC084,0,
1672,1167,Windows,commercial,L,164,GC131,0,
1673,1170,Windows,commercial,XL,497,GC087,0,
1674,1170,Storefront,commercial,M,25.8,GC087,0,
1675,1170,Mirrors,commercial,M,18.8,GC087,0,
1676,1171,Mirrors,commercial,M,70.9,GC143,0,
1677,1171,Mirrors,commercial,M,60,GC143,,
1678,1171,Windows,commercial,XL,1660,GC143,,
1679,1171,Shower Doors,commercial,L,131,GC014,0,
1680,1171,Storefront,commercial,L,339,GC014,0,
1681,1171,Windows,commercial,XL,703,GC207,0,
1682,1176,Mirrors,commercial,S,9.85,GC051,,
1683,1176,Shower Doors,commercial,S,17.2,GC051,,
1684,1176,Windows,commercial,L,208,GC051,,
1685,1176,Windows,commercial,L,135,GC108,,
1686,1176,Mirrors,commercial,S,6.13,GC078,,
1687,1177,Mirrors,commercial,M,60.4,GC131,0,
1688,1177,Windows,commercial,XL,689,GC131,0,
1689,1178,Storefront,commercial,S,15.4,GC056,1,1244
1690,1178,Windows,commercial,M,49.2,GC108,0,
1691,1178,Mirrors,commercial,S,3.32,GC108,0,
1692,1178,Shower Doors,commercial,S,6.72,GC108,0,
1693,1178,Mirrors,commercial,S,4.68,GC158,0,
1694,1178,Windows,commercial,L,122,GC143,0,
1695,1178,Storefront,commercial,M,49.5,GC143,0,
1696,1182,Windows,single_family,M,26.7,GC016,1,
1697,1182,Windows,single_family,S,0.152,GC114,1,
1698,1182,Windows,single_family,S,3.6,GC114,0,
1699,1183,Windows,single_family,S,0.0795,GC006,0,
1700,1183,Windows,single_family,S,3.29,GC042,1,
1701,1183,Windows,single_family,S,15.4,GC173,1,
1702,1183,Windows,single_family,M,28.2,GC173,0,
1703,1183,Windows,commercial,L,192,GC084,,
1704,1184,Windows,single_family,M,37,GC016,0,
1705,1184,Windows,single_family,S,10.8,GC114,0,
1706,1184,Windows,single_family,S,11.6,GC159,1,
1707,1185,Windows,single_family,M,25.3,GC170,0,
1708,1185,Storefront,single_family,S,0.122,GC151,1,
1709,1185,Windows,single_family,S,0.222,GC114,0,
1710,1185,Windows,single_family,S,7.11,GC173,1,
1711,1185,Windows,single_family,M,23.2,GC149,0,
1712,1185,Windows,single_family,S,6.19,GC045,0,
1713,1188,Windows,commercial,L,316,GC209,,
1714,1188,Windows,commercial,XL,677,GC199,0,
1715,1188,Storefront,commercial,L,167,GC087,0,
1716,1188,Mirrors,commercial,S,4.58,GC087,1,1216
1717,1188,Shower Doors,commercial,M,21.8,GC087,0,
1718,1188,Windows,commercial,M,51.6,GC087,0,
1719,1188,Windows,commercial,L,139,GC205,0,
1720,1188,Shower Doors,commercial,L,125,GC084,,
1721,1188,Storefront,commercial,L,326,GC084,,
1722,1188,Mirrors,commercial,M,60,GC084,,
1723,1188,Mirrors,commercial,M,32.7,GC160,0,
1724,1188,Windows,commercial,L,77.8,GC215,,
1725,1188,Windows,commercial,M,19.1,GC103,0,
1726,1189,Windows,commercial,L,107,GC010,0,
1727,1189,Mirrors,commercial,S,13.2,GC141,0,
1728,1189,Shower Doors,commercial,S,13,GC141,0,
1729,1189,Windows,single_family,S,6.34,GC045,0,
1730,1190,Windows,single_family,M,69.1,GC114,0,
1731,1190,Windows,single_family,S,3.17,GC043,1,
1732,1190,Windows,single_family,S,2.72,GC043,1,
1733,1190,Windows,single_family,S,2.73,GC043,1,
1734,1190,Windows,single_family,S,1.42,GC043,1,
1735,1191,Windows,single_family,M,23.6,GC016,0,
1736,1191,Windows,single_family,M,23.3,GC016,0,
1737,1191,Mirrors,commercial,S,5.44,GC087,0,1290
1738,1191,Shower Doors,commercial,S,3.58,GC087,0,1290
1739,1191,Windows,commercial,L,85.1,GC087,0,1290
1740,1191,Windows,single_family,S,0.161,GC114,1,
1741,1191,Windows,single_family,S,1.81,GC216,1,
1742,1191,Windows,commercial,M,45.5,GC143,0,
1743,1191,Mirrors,commercial,S,3.28,GC143,0,
1744,1191,Windows,single_family,S,6.91,GC173,1,
1745,1191,Mirrors,commercial,M,48.5,GC022,,
1746,1191,Windows,commercial,L,247,GC022,,
1747,1192,Windows,commercial,M,38.6,GC102,0,1302
1748,1195,Windows,single_family,M,46.6,GC158,0,
1749,1196,Mirrors,single_family,S,3.91,GC225,0,
1750,1196,Windows,single_family,M,18.6,GC225,0,
1751,1196,Windows,single_family,S,5.14,GC173,1,
1752,1197,Windows,single_family,M,46.6,GC158,0,
1753,1197,Windows,single_family,M,69.7,GC114,0,
1754,1197,Windows,commercial,S,4.38,GC149,0,
1755,1198,Windows,single_family,M,35.5,GC056,0,
1756,1198,Shower Doors,commercial,S,11.5,GC059,0,
1757,1198,Windows,commercial,M,70.5,GC059,0,
1758,1198,Storefront,commercial,M,68.3,GC059,0,
1759,1198,Mirrors,commercial,S,6.85,GC059,0,
1760,1199,Windows,commercial,M,19.8,GC198,0,
1761,1199,Mirrors,commercial,S,1.52,GC198,0,
1762,1199,Specialty,single_family,S,2.87,GC162,0,
1763,1199,Windows,commercial,XL,389,GC143,,
1764,1199,Mirrors,commercial,M,27.4,GC143,,
1765,1199,Windows,single_family,S,5.79,GC171,0,
1766,1202,Specialty,single_family,S,0.188,GC047,0,
1767,1202,Mirrors,commercial,S,2.07,GC063,0,
1768,1202,Windows,commercial,M,46.8,GC063,0,
1769,1202,Windows,single_family,S,7.47,GC149,0,
1770,1203,Shower Doors,commercial,M,54.4,GC083,0,
1771,1203,Windows,commercial,L,234,GC083,0,
1772,1203,Mirrors,commercial,M,25.5,GC143,0,
1773,1203,Storefront,commercial,L,133,GC213,0,
1774,1203,Shower Doors,commercial,L,148,GC213,0,
1775,1203,Mirrors,commercial,M,18.8,GC213,0,
1776,1203,Windows,commercial,L,274,GC213,0,
1777,1204,Windows,single_family,M,36.3,GC016,0,
1778,1204,Mirrors,commercial,M,32.6,GC063,,
1779,1204,Windows,commercial,XL,673,GC063,,
1780,1204,Shower Doors,commercial,M,35,GC063,,
1781,1204,Storefront,commercial,XL,381,GC063,,
1782,1204,Windows,single_family,S,4.48,GC053,1,
1783,1204,Windows,single_family,S,2.74,GC212,0,
1784,1205,Windows,single_family,S,1.31,GC176,0,
1785,1205,Windows,single_family,S,0.771,GC176,0,
1786,1205,Windows,single_family,S,8.82,GC121,0,
1787,1205,Windows,single_family,S,13.6,GC121,0,
1788,1205,Windows,single_family,S,9.68,GC121,0,
1789,1205,Windows,single_family,S,3.11,GC053,1,
1790,1206,Windows,single_family,S,8.54,GC116,0,
1791,1209,Windows,single_family,S,10.3,GC175,0,
1792,1211,Windows,single_family,S,5.59,GC035,1,
1793,1211,Windows,single_family,S,4.82,GC035,1,
1794,1211,Windows,single_family,S,8.86,GC162,0,
1795,1211,Windows,single_family,S,9.58,GC162,0,
1796,1211,Windows,single_family,S,15.1,GC175,0,
1797,1211,Windows,single_family,S,3.5,GC043,0,
1798,1211,Windows,single_family,S,4.03,GC043,0,
1799,1211,Windows,single_family,S,5.57,GC043,0,
1800,1211,Windows,single_family,S,5.59,GC043,0,
1801,1211,Windows,single_family,S,4.3,GC173,1,
1802,1211,Windows,single_family,S,0.889,GC173,1,
1803,1212,Windows,single_family,S,2.16,GC112,0,
1804,1212,Storefront,commercial,L,223,GC108,0,
1805,1212,Mirrors,commercial,M,27.1,GC108,0,
1806,1212,Windows,commercial,XL,674,GC108,0,
1807,1213,Shower Doors,single_family,S,0.992,GC163,1,
1808,1214,Windows,single_family,S,3.25,GC159,1,
1809,1216,Windows,single_family,S,2.65,GC048,1,
1810,1216,Windows,single_family,S,13.6,GC173,1,
1811,1216,Windows,single_family,S,13.5,GC173,1,
1812,1216,Windows,single_family,M,20.8,GC149,0,
1813,1217,Windows,single_family,S,5.32,GC035,1,
1814,1217,Windows,single_family,S,5.32,GC035,1,
1815,1217,Windows,single_family,M,70.7,GC114,0,
1816,1219,Windows,single_family,S,1.38,GC056,0,
1817,1219,Windows,single_family,S,2.65,GC048,1,
1818,1219,Windows,single_family,S,5.32,GC035,1,
1819,1219,Windows,commercial,S,6.37,GC087,0,
1820,1220,Windows,single_family,M,36.8,GC016,0,
1821,1220,Windows,commercial,XL,1540,GC087,0,
1822,1220,Mirrors,commercial,M,56.7,GC087,0,
1823,1220,Shower Doors,commercial,L,77.4,GC087,0,
1824,1220,Windows,material_only,S,0.968,GC216,1,
1825,1220,Windows,single_family,M,32.3,GC149,0,
1826,1224,Windows,commercial,M,55.3,GC130,0,
1827,1224,Shower Doors,commercial,L,111,GC208,0,
1828,1224,Mirrors,commercial,M,49.5,GC208,0,
1829,1224,Windows,single_family,S,15.5,GC005,0,
1830,1224,Windows,commercial,M,18.9,GC084,,
1831,1224,Mirrors,commercial,S,3.17,GC084,,
1832,1225,Storefront,commercial,L,117,GC108,0,
1833,1225,Windows,commercial,XL,689,GC108,,
1834,1225,Windows,commercial,M,19.2,GC226,1,1289
1835,1225,Mirrors,commercial,S,10.2,GC071,0,1309
1836,1225,Shower Doors,single_family,S,0.824,GC043,0,
1837,1225,Mirrors,single_family,S,0.54,GC043,0,
1838,1225,Windows,single_family,M,21.2,GC149,0,
1839,1225,Windows,commercial,L,212,GC109,,
1840,1225,Storefront,commercial,L,117,GC109,0,
1841,1225,Storefront,commercial,L,144,GC109,,
1842,1225,Storefront,commercial,L,91.7,GC109,0,
1843,1225,Windows,single_family,M,32,GC156,1,1240
1844,1227,Shower Doors,commercial,L,137,GC184,0,
1845,1227,Shower Doors,commercial,L,92.2,GC087,0,
1846,1227,Mirrors,commercial,M,22.7,GC087,0,
1847,1227,Windows,commercial,L,193,GC087,0,
1848,1227,Windows,commercial,XL,664,GC014,0,
1849,1227,Mirrors,commercial,M,31.6,GC014,0,
1850,1229,Windows,commercial,L,170,GC086,0,
1851,1230,Windows,single_family,M,22.6,GC112,1,1260
1852,1230,Windows,single_family,S,13.9,GC091,0,
1853,1230,Mirrors,single_family,S,0.243,GC114,0,
1854,1230,Windows,single_family,M,23.9,GC129,0,
1855,1230,Windows,single_family,S,6.9,GC045,1,1239
1856,1231,Windows,single_family,S,4.72,GC056,0,
1857,1231,Windows,single_family,S,3.66,GC056,0,
1858,1231,Windows,material_only,S,11.5,GC088,0,
1859,1231,Windows,single_family,L,94.9,GC091,1,1314
1860,1231,Windows,single_family,S,1.35,GC114,0,
1861,1231,Windows,single_family,L,123,GC114,0,
1862,1231,Windows,material_only,M,41.9,GC135,1,1246
1863,1231,Windows,single_family,S,6.75,GC045,1,1239
1864,1232,Windows,single_family,S,10.6,GC112,0,
1865,1232,Windows,single_family,S,5.32,GC085,0,
1866,1232,Mirrors,commercial,S,8.94,GC087,0,
1867,1232,Windows,commercial,L,79.2,GC087,0,
1868,1232,Shower Doors,commercial,M,46.8,GC087,0,
1869,1232,Windows,commercial,L,91.2,GC033,,
1870,1232,Windows,single_family,S,11.3,GC173,1,1234
1871,1232,Mirrors,commercial,M,57.7,GC032,,
1872,1232,Windows,commercial,XL,419,GC032,,
1873,1232,Windows,single_family,M,41,GC129,0,
1874,1232,Mirrors,commercial,L,123,GC022,0,
1875,1232,Shower Doors,commercial,XL,439,GC022,0,
1876,1232,Windows,commercial,XL,1100,GC022,0,
1877,1233,Storefront,commercial,L,189,GC138,0,
1878,1233,Shower Doors,commercial,M,69.2,GC199,,
1879,1233,Windows,commercial,L,137,GC199,,
1880,1233,Windows,single_family,M,37.2,GC174,0,
1881,1233,Shower Doors,single_family,S,0.873,GC114,0,
1882,1233,Storefront,commercial,M,32.9,GC097,,
1883,1233,Windows,commercial,L,77.5,GC214,0,
1884,1233,Mirrors,commercial,S,6.58,GC214,0,
1885,1234,Windows,material_only,S,7.56,GC188,0,
1886,1234,Shower Doors,commercial,M,56.4,GC028,1,1287
1887,1234,Mirrors,commercial,M,30.8,GC028,1,1287
1888,1234,Windows,commercial,L,199,GC028,0,
1889,1234,Windows,commercial,S,5.18,GC087,0,
1890,1234,Mirrors,commercial,S,0.826,GC087,0,
1891,1234,Windows,single_family,S,0.876,GC114,1,1239
1892,1234,Windows,single_family,S,2.38,GC018,0,
1893,1234,Windows,single_family,S,3.01,GC018,0,
1894,1234,Windows,single_family,S,9.98,GC018,0,
1895,1234,Windows,single_family,S,2.82,GC018,0,
1896,1234,Windows,single_family,S,9.23,GC173,1,1240
1897,1234,Windows,single_family,S,4.11,GC173,1,1241
1898,1234,Mirrors,single_family,M,18.9,GC094,1,1239
1899,1238,Windows,single_family,S,9.34,GC152,0,
1900,1238,Windows,single_family,S,17.9,GC016,0,
1901,1238,Windows,commercial,L,278,GC038,,
1902,1238,Windows,single_family,M,24.6,GC129,0,
1903,1238,Windows,commercial,M,68.7,GC131,,
1904,1238,Mirrors,commercial,S,15.8,GC131,,
1905,1238,Shower Doors,commercial,M,39.5,GC131,,
1906,1239,Mirrors,single_family,S,0.334,GC105,1,1240
1907,1239,Shower Doors,single_family,S,2.26,GC105,1,1240
1908,1239,Windows,single_family,M,33.1,GC228,0,
1909,1239,Shower Doors,single_family,S,3.95,GC114,0,
1910,1239,Mirrors,single_family,S,1.61,GC114,0,
1911,1239,Windows,material_only,S,11.5,GC168,0,
1912,1239,Specialty,commercial,L,120,GC063,,
1913,1240,Storefront,commercial,M,25,GC008,1,1246
1914,1240,Windows,commercial,L,85.3,GC108,0,
1915,1240,Storefront,commercial,L,279,GC184,0,
1916,1240,Shower Doors,single_family,S,1.6,GC053,0,
1917,1240,Mirrors,single_family,S,1.06,GC053,0,
1918,1241,Windows,single_family,L,88.2,GC127,0,
1919,1244,Windows,material_only,S,0.231,GC216,0,
1920,1244,Shower Doors,single_family,S,0.644,GC149,1,1266
1921,1244,Mirrors,single_family,S,1.73,GC149,1,1266
1922,1244,Windows,single_family,S,1.68,GC053,0,
1923,1245,Windows,commercial,L,261,GC098,,
1924,1245,Mirrors,commercial,S,17.2,GC098,,
1925,1245,Mirrors,commercial,M,49.6,GC222,,
1926,1245,Windows,commercial,XL,575,GC222,,
1927,1246,Windows,material_only,S,4.2,GC112,0,
1928,1246,Mirrors,single_family,S,0.794,GC112,0,
1929,1246,Windows,commercial,XL,501,GC143,,
1930,1246,Mirrors,commercial,M,31.6,GC143,,
1931,1246,Mirrors,commercial,S,12.4,GC154,,
1932,1246,Windows,commercial,L,238,GC154,,
1933,1246,Shower Doors,commercial,S,16.6,GC154,0,
1934,1246,Windows,material_only,S,0.224,GC202,0,
1935,1247,Mirrors,single_family,M,48.2,GC138,0,
1936,1247,Shower Doors,single_family,L,84.2,GC184,0,
1937,1247,Windows,commercial,XL,658,GC184,0,
1938,1247,Windows,single_family,M,29.4,GC016,0,
1939,1247,Windows,commercial,XL,670,GC087,0,
1940,1247,Shower Doors,commercial,L,179,GC087,0,
1941,1247,Mirrors,commercial,L,181,GC087,0,
1942,1247,Windows,single_family,S,1.86,GC167,0,
1943,1248,Storefront,commercial,S,5.09,GC097,0,
1944,1248,Windows,single_family,S,6.21,GC045,0,
1945,1251,Windows,commercial,L,152,GC218,0,
1946,1251,Mirrors,commercial,M,36.3,GC108,,
1947,1251,Windows,commercial,L,269,GC108,,
1948,1251,Windows,material_only,S,2.72,GC114,1,1251
1949,1251,Windows,single_family,S,3.09,GC095,0,
1950,1251,Storefront,commercial,L,149,GC063,0,1297
1951,1251,Windows,single_family,S,13.4,GC002,1,1282
1952,1251,Windows,single_family,S,3.83,GC173,1,1251
1953,1251,Windows,single_family,S,9.32,GC173,1,1251
1954,1251,Windows,single_family,S,12.2,GC149,0,
1955,1252,Windows,single_family,S,8.38,GC186,0,
1956,1252,Storefront,commercial,L,85.8,GC143,0,
1957,1252,Storefront,commercial,L,295,GC149,0,1310
1958,1253,Storefront,commercial,L,229,GC056,,
1959,1253,Windows,commercial,L,259,GC087,,
1960,1253,Mirrors,commercial,M,30.6,GC087,,
1961,1253,Mirrors,commercial,M,20.5,GC143,0,
1962,1253,Windows,commercial,M,67.9,GC143,0,
1963,1253,Windows,commercial,L,309,GC084,0,
1964,1253,Mirrors,commercial,M,66,GC084,,
1965,1253,Shower Doors,commercial,L,92.8,GC084,0,
1966,1254,Windows,commercial,XL,406,GC194,,
1967,1254,Mirrors,commercial,M,33.4,GC194,,
1968,1254,Shower Doors,commercial,L,89.6,GC194,,
1969,1254,Windows,single_family,S,5.83,GC045,1,1282
1970,1255,Storefront,commercial,XL,389,GC026,0,1295
1971,1255,Storefront,commercial,XL,477,GC148,0,1303
1972,1255,Windows,single_family,S,11.4,GC111,0,
1973,1255,Windows,material_only,S,0.565,GC114,1,1262
1974,1255,Windows,single_family,S,5.03,GC095,0,
1975,1258,Windows,commercial,M,52.3,GC010,,
1976,1258,Mirrors,commercial,S,3.94,GC010,,
1977,1258,Windows,commercial,L,333,GC021,,
1978,1258,Shower Doors,single_family,S,4.97,GC060,0,
1979,1259,Windows,single_family,S,11.1,GC114,,
1980,1259,Windows,commercial,S,18.4,GC179,,
1981,1259,Windows,single_family,S,7.36,GC053,1,1267
1982,1260,Windows,commercial,L,237,GC206,,
1983,1260,Shower Doors,commercial,M,32.8,GC206,,
1984,1260,Mirrors,commercial,S,15.2,GC206,,
1985,1261,Shower Doors,commercial,S,7.32,GC138,,
1986,1261,Storefront,commercial,L,185,GC077,,
1987,1261,Mirrors,commercial,L,107,GC010,,
1988,1261,Shower Doors,commercial,L,164,GC010,,
1989,1261,Windows,commercial,XL,1080,GC010,,
1990,1261,Windows,single_family,S,7.11,GC044,,
1991,1261,Windows,single_family,S,7.11,GC044,,
1992,1261,Windows,single_family,S,3.11,GC044,,
1993,1261,Windows,single_family,S,7.11,GC044,,
1994,1261,Windows,single_family,S,5.37,GC044,,
1995,1261,Windows,single_family,S,5.19,GC044,,
1996,1261,Windows,single_family,S,7.11,GC044,,
1997,1261,Windows,single_family,S,3.69,GC044,,
1998,1261,Shower Doors,single_family,S,1,GC043,1,1289
1999,1261,Windows,single_family,S,2.01,GC043,0,
2000,1261,Mirrors,single_family,S,0.425,GC043,0,
2001,1261,Storefront,commercial,L,87.5,GC084,,
2002,1261,Storefront,commercial,M,34.3,GC133,,
2003,1262,Windows,single_family,M,32.4,GC190,,
2004,1262,Storefront,commercial,L,168,GC119,,
2005,1262,Mirrors,single_family,S,1.64,GC111,,
2006,1262,Windows,material_only,S,0.4,GC111,1,1268
2007,1262,Shower Doors,single_family,S,2.34,GC111,,
2008,1262,Mirrors,single_family,S,0.00884,GC111,0,
2009,1262,Windows,material_only,S,0.864,GC114,0,1310
2010,1262,Mirrors,material_only,S,0.208,GC114,0,1296
2011,1262,Shower Doors,single_family,S,1.74,GC114,1,1265
2012,1265,Windows,material_only,S,0.66,GC035,0,1296
2013,1265,Windows,single_family,S,2.36,GC190,0,1311
2014,1265,Shower Doors,commercial,S,12.6,GC083,,
2015,1265,Windows,commercial,M,59.4,GC083,0,
2016,1265,Mirrors,commercial,S,7.53,GC083,,
2017,1265,Windows,single_family,M,29.1,GC102,0,
2018,1265,Windows,material_only,S,7.18,GC095,0,
2019,1265,Windows,single_family,S,1.01,GC197,0,1309
2020,1265,Mirrors,commercial,M,44.5,GC180,,
2021,1265,Shower Doors,commercial,L,110,GC180,,
2022,1265,Windows,commercial,XL,465,GC180,,
2023,1266,Mirrors,single_family,S,1.2,GC149,1,1267
2024,1267,Windows,single_family,L,91.2,GC068,,
2025,1267,Windows,commercial,L,89.8,GC084,1,1269
2026,1267,Windows,single_family,S,3.31,GC045,1,1282
2027,1267,Windows,single_family,S,3.31,GC045,1,1282
2028,1268,Windows,commercial,XL,388,GC161,0,1297
2029,1268,Windows,commercial,L,94.2,GC065,,
2030,1268,Windows,commercial,XL,633,GC087,,
2031,1268,Mirrors,commercial,M,49.3,GC087,,
2032,1268,Windows,commercial,XL,458,GC087,,
2033,1268,Shower Doors,commercial,L,140,GC087,,
2034,1268,Windows,commercial,M,28.9,GC044,,
2035,1268,Shower Doors,commercial,XL,415,GC194,,
2036,1268,Windows,commercial,XL,1140,GC194,,
2037,1268,Mirrors,commercial,L,112,GC194,,
2038,1269,Storefront,commercial,L,82.7,GC008,1,1314
2039,1269,Storefront,commercial,L,196,GC087,0,
2040,1269,Windows,single_family,S,7.37,GC005,0,1307
2041,1269,Windows,single_family,S,7.37,GC005,0,1307
2042,1269,Windows,single_family,M,21.9,GC167,,
2043,1272,Storefront,commercial,S,9.85,GC108,,
2044,1273,Windows,single_family,M,48.4,GC085,,
2045,1273,Windows,single_family,S,11.8,GC085,,
2046,1273,Windows,single_family,M,23.4,GC016,,
2047,1273,Windows,single_family,S,7.61,GC068,,
2048,1273,Storefront,commercial,M,59.5,GC086,,
2049,1273,Windows,commercial,M,54.9,GC063,,
2050,1273,Windows,commercial,L,94.5,GC020,,
2051,1273,Windows,commercial,XL,1070,GC131,,
2052,1275,Windows,commercial,XL,633,GC108,0,1309
2053,1275,Windows,commercial,XL,375,GC079,,
2054,1275,Windows,commercial,XL,1040,GC179,,
2055,1275,Shower Doors,commercial,L,114,GC179,,
2056,1275,Mirrors,commercial,M,66.9,GC179,,
2057,1275,Windows,commercial,XL,1220,GC064,,
2058,1275,Mirrors,commercial,M,28,GC064,,
2059,1275,Windows,commercial,XL,640,GC122,,
2060,1275,Shower Doors,commercial,L,120,GC122,,
2061,1275,Mirrors,commercial,M,36,GC122,,
2062,1275,Storefront,commercial,L,339,GC032,,
2063,1275,Mirrors,commercial,M,70.9,GC032,,
2064,1275,Storefront,commercial,XL,615,GC032,,
2065,1275,Shower Doors,commercial,L,131,GC032,,
2066,1275,Windows,commercial,XL,1160,GC032,,
2067,1275,Mirrors,commercial,M,42.5,GC032,,
2068,1275,Shower Doors,commercial,L,280,GC032,,
2069,1280,Windows,single_family,S,15,GC013,,
2070,1280,Windows,commercial,S,10.8,GC063,,
2071,1280,Storefront,commercial,M,49.3,GC063,,
2072,1281,Windows,material_only,S,2.24,GC088,0,1300
2073,1281,Windows,single_family,S,2.49,GC025,0,1295
2074,1281,Windows,single_family,S,3.08,GC025,0,1295
2075,1281,Windows,single_family,S,3.78,GC025,0,1295
2076,1281,Windows,single_family,S,16,GC053,,
2077,1282,Windows,single_family,S,7.03,GC019,0,1293
2078,1282,Storefront,commercial,M,51.8,GC199,,
2079,1282,Storefront,commercial,L,141,GC108,,
2080,1282,Windows,single_family,S,17.7,GC050,0,1310
2081,1282,Storefront,commercial,M,51.8,GC087,0,1303
2082,1282,Storefront,commercial,L,121,GC087,0,1296
2083,1282,Storefront,commercial,S,15.1,GC086,,
2084,1282,Storefront,commercial,L,313,GC143,0,1301
2085,1282,Windows,commercial,XL,672,GC084,,
2086,1282,Windows,single_family,S,0.669,GC178,,
2087,1282,Storefront,commercial,L,308,GC017,,
2088,1282,Windows,commercial,M,23.7,GC129,,
2089,1282,Mirrors,commercial,S,4.74,GC129,,
2090,1283,Windows,commercial,S,7.37,GC028,,
2091,1283,Windows,single_family,M,53.4,GC174,1,1309
2092,1283,Windows,commercial,S,2.96,GC119,,
2093,1283,Specialty,material_only,S,2.03,GC167,0,1296
2094,1283,Storefront,commercial,M,49.4,GC039,,
2095,1283,Windows,commercial,L,350,GC207,0,
2096,1283,Windows,commercial,XL,672,GC084,0,
2097,1283,Windows,commercial,L,75,GC215,,
2098,1283,Windows,commercial,XL,443,GC032,,
2099,1286,Storefront,commercial,L,125,GC131,0,1302
2100,1287,Windows,single_family,S,10.3,GC167,,
2101,1288,Storefront,commercial,L,139,GC138,,
2102,1288,Shower Doors,commercial,L,194,GC142,,
2103,1288,Windows,commercial,XL,1240,GC142,,
2104,1288,Mirrors,commercial,M,45.4,GC142,,
2105,1288,Windows,commercial,XL,719,GC055,,
2106,1288,Windows,commercial,L,158,GC097,,
2107,1289,Windows,single_family,S,3.05,GC113,,
2108,1289,Mirrors,single_family,S,0.381,GC167,0,1303
2109,1289,Windows,single_family,S,5.43,GC167,,
2110,1289,Windows,single_family,S,6.35,GC173,,
2111,1289,Windows,single_family,S,3.3,GC045,,
2112,1290,Windows,commercial,M,42.5,GC138,,
2113,1290,Mirrors,commercial,S,7.63,GC158,,
2114,1290,Mirrors,commercial,M,69.3,GC087,,
2115,1290,Windows,commercial,XL,633,GC063,,
2116,1290,Mirrors,commercial,M,69.3,GC063,,
2117,1290,Mirrors,commercial,M,69.3,GC032,0,1309
2118,1293,Service,service,S,0.688,GC056,1,1293
2119,1293,Shower Doors,commercial,L,104,GC087,,
2120,1293,Shower Doors,commercial,L,104,GC063,,
2121,1293,Shower Doors,commercial,L,104,GC032,0,1309
2122,1294,Windows,single_family,L,121,GC013,0,1310
2123,1294,Windows,single_family,M,34.2,GC091,,
2124,1294,Windows,single_family,S,6.07,GC167,,
2125,1294,Storefront,commercial,M,49.6,GC167,,
2126,1294,Windows,material_only,S,2.51,GC167,0,1309
2127,1295,Windows,commercial,L,158,GC087,,
2128,1296,Windows,commercial,XL,389,GC222,,
2129,1296,Mirrors,commercial,M,27.9,GC222,,
2130,1296,Windows,single_family,S,5.1,GC173,,
2131,1296,Storefront,commercial,L,313,GC055,0,1301
2132,1296,Storefront,commercial,L,313,GC213,0,1301
2133,1300,Mirrors,material_only,S,4.66,GC106,1,1300
2134,1300,Windows,single_family,S,2.96,GC114,0,1314
2135,1301,Windows,single_family,S,12.8,GC019,,
2136,1301,Shower Doors,commercial,S,0.802,GC046,,
2137,1301,Windows,commercial,L,192,GC046,,
2138,1301,Mirrors,commercial,S,0.0943,GC046,,
2139,1301,Storefront,commercial,M,42.5,GC039,,
2140,1301,Mirrors,commercial,S,1.71,GC109,,
2141,1301,Windows,commercial,M,20.3,GC109,,
2142,1302,Storefront,commercial,L,82.5,GC086,,
2143,1302,Storefront,commercial,L,82.5,GC131,,
2144,1303,Windows,commercial,XL,395,GC208,,
2145,1303,Windows,commercial,XL,524,GC057,,
2146,1303,Windows,commercial,L,192,GC072,,
2147,1303,Shower Doors,commercial,M,60.9,GC014,0,1311
2148,1303,Windows,single_family,S,9.05,GC181,,
2149,1304,Windows,single_family,S,4.55,GC043,,
2150,1307,Shower Doors,single_family,S,2.32,GC056,,
2151,1307,Mirrors,commercial,S,1.06,GC192,,
2152,1307,Windows,commercial,M,63.7,GC169,,
2153,1307,Mirrors,commercial,S,3.13,GC169,,
2154,1307,Windows,commercial,M,63.7,GC014,,
2155,1307,Mirrors,commercial,S,3.13,GC014,,
2156,1307,Windows,commercial,M,63.7,GC084,,
2157,1307,Mirrors,commercial,S,3.13,GC084,,
2158,1307,Windows,single_family,M,19.2,GC122,,
2159,1307,Windows,single_family,S,4.44,GC129,,
2160,1307,Windows,single_family,S,7.05,GC129,,
2161,1307,Windows,single_family,S,14.7,GC129,,
2162,1308,Windows,single_family,S,5.51,GC191,,
2163,1308,Windows,commercial,XL,733,GC084,,
2164,1308,Windows,single_family,S,11,GC129,,
2165,1308,Windows,commercial,XL,733,GC078,,
2166,1308,Windows,commercial,XL,733,GC131,,
2167,1309,Shower Doors,single_family,S,0.793,GC047,,
2168,1309,Windows,commercial,M,46,GC063,,
2169,1309,Windows,commercial,M,19.5,GC160,,
2170,1309,Windows,commercial,S,16.6,GC078,,
2171,1309,Windows,commercial,S,16.6,GC131,,
2172,1310,Windows,single_family,S,1.56,GC030,,
2173,1310,Storefront,commercial,S,11.6,GC218,,
2174,1310,Windows,single_family,S,9.05,GC028,,
2175,1310,Windows,single_family,S,2.73,GC091,,
2176,1310,Shower Doors,single_family,S,1.12,GC091,,
2177,1310,Storefront,commercial,L,143,GC222,,
2178,1310,Windows,material_only,S,0.985,GC167,,
2179,1310,Windows,single_family,S,1.5,GC156,1,1314
2180,1310,Storefront,commercial,M,72.5,GC214,,
2181,1310,Windows,single_family,S,5.37,GC045,,
2182,1311,Windows,commercial,XL,1540,GC143,,
2183,1311,Windows,commercial,L,120,GC038,,
2184,1311,Windows,single_family,S,16.6,GC149,,
2185,1311,Storefront,commercial,L,80.7,GC214,,
2186,1314,Mirrors,commercial,S,6.89,GC143,,
2187,1314,Windows,commercial,L,135,GC143,,
2188,1314,Windows,commercial,S,12.7,GC043,,
2189,1314,Shower Doors,commercial,S,4.84,GC043,,
2190,1314,Mirrors,commercial,S,2.4,GC043,,
2191,1314,Mirrors,commercial,S,6.89,GC084,,
2192,1314,Windows,commercial,L,135,GC084,,
2193,1314,Mirrors,commercial,S,6.89,GC109,,
2194,1314,Windows,commercial,L,135,GC109,,
